SEX,YEAR,0,1,2,3,4,5,6,7,8,9,10,11,12,13,14,15,16,17,18,19,20,21,22,23,24,25,26,27,28,29,30,31,32,33,34,35,36,37,38,39,40,41,42,43,44,45,46,47,48,49,50,51,52,53,54,55,56,57,58,59,60,61,62,63,64,65,66,67,68,69,70,71,72,73,74,75,76,77,78,79,80,81,82,83,84,85,86,87,88,89,90,91,92,93,94,95,96,97,98,99,100
M,2023,7190,4168,4000,3857,3800,3732,3772,3720,3730,3731,3605,3607,3576,3534,3707,4227,5007,6125,6208,6746,6980,7074,6827,7378,7679,8008,8248,8049,7759,7577,7224,6577,5605,4760,4276,3639,2361,1237,272,-707,-1159,-1456,-1189,-966,-318,-190,-554,-1149,-1893,-2355,-2753,-2914,-2849,-2535,-1859,-1476,-1067,-890,-761,-667,-825,-727,-961,-1225,-1144,-1380,-1312,-1097,-834,-878,-755,-529,-578,-544,-543,-479,-633,-500,-599,-708,-761,-752,-979,-990,-980,-398,-398,-398,-398,-398,-398,-398,-398,-398,-398,-398,-398,-398,-398,-398,-398
M,2024,7229,6059,3919,3866,3830,3800,3835,3757,3797,3760,3659,3561,3580,3619,3768,4333,5154,6153,6493,6947,7385,7550,7418,7433,7876,8324,8301,8385,8205,7913,7713,7022,6080,5235,4318,3840,2631,1518,428,-388,-838,-1304,-1111,-739,-528,-240,-509,-1197,-1831,-2458,-2649,-2804,-2749,-2557,-2141,-1533,-1174,-873,-758,-691,-761,-974,-943,-1208,-1437,-1372,-1435,-1281,-1021,-844,-829,-838,-555,-686,-573,-587,-619,-812,-673,-744,-869,-905,-934,-1088,-1063,-417,-417,-417,-417,-417,-417,-417,-417,-417,-417,-417,-417,-417,-417,-417,-417
M,2025,7272,6096,5479,3790,3827,3820,3874,3807,3813,3818,3670,3594,3547,3600,3863,4393,5259,6359,6548,7224,7637,7908,7850,7986,7929,8510,8593,8467,8506,8350,8041,7504,6563,5695,4811,3921,2870,1784,733,-191,-572,-975,-970,-667,-315,-426,-552,-1140,-1861,-2394,-2741,-2664,-2662,-2437,-2143,-1756,-1204,-949,-744,-688,-764,-903,-1208,-1196,-1413,-1617,-1434,-1413,-1195,-948,-815,-883,-859,-658,-737,-642,-673,-791,-1006,-800,-929,-986,-1078,-1077,-1136,-436,-436,-436,-436,-436,-436,-436,-436,-436,-436,-436,-436,-436,-436,-436,-436
M,2026,7324,6146,5522,5085,3789,3844,3907,3870,3866,3858,3740,3627,3639,3630,3905,4566,5389,6510,6848,7361,7950,8223,8224,8433,8458,8592,8853,8801,8669,8654,8492,7815,7057,6175,5308,4415,3020,2046,1036,153,-356,-713,-647,-493,-246,-192,-712,-1154,-1793,-2368,-2658,-2734,-2482,-2304,-2015,-1724,-1394,-976,-789,-665,-755,-911,-1135,-1425,-1413,-1558,-1651,-1388,-1305,-1122,-856,-885,-902,-892,-700,-784,-738,-803,-975,-1154,-983,-1046,-1143,-1219,-1167,-457,-457,-457,-457,-457,-457,-457,-457,-457,-457,-457,-457,-457,-457,-457,-457
M,2027,7376,6195,5568,5125,4837,3816,3931,3900,3929,3893,3785,3717,3683,3723,3965,4630,5601,6677,7041,7666,8108,8507,8566,8779,8880,9077,8899,9002,8966,8835,8713,8208,7280,6583,5672,4794,3469,2148,1284,424,-24,-513,-427,-214,-67,-140,-482,-1334,-1801,-2329,-2636,-2654,-2550,-2184,-1854,-1626,-1358,-1121,-827,-718,-743,-872,-1139,-1399,-1608,-1609,-1627,-1569,-1310,-1212,-1053,-910,-925,-962,-905,-779,-845,-905,-981,-1125,-1350,-1107,-1199,-1268,-1305,-478,-478,-478,-478,-478,-478,-478,-478,-478,-478,-478,-478,-478,-478,-478,-478
M,2028,7429,6242,5609,5162,4874,4650,3910,3924,3958,3993,3855,3739,3729,3755,4017,4705,5683,6927,7209,7900,8366,8683,8780,9076,9181,9422,9321,9082,9098,9047,8894,8351,7577,6785,6020,5118,3734,2546,1351,632,188,-206,-230,-48,167,33,-431,-1096,-2004,-2332,-2611,-2641,-2500,-2224,-1800,-1473,-1266,-1122,-934,-757,-791,-883,-1091,-1398,-1627,-1778,-1689,-1607,-1452,-1268,-1123,-1118,-941,-1001,-952,-965,-899,-998,-1110,-1157,-1337,-1494,-1270,-1328,-1346,-505,-505,-505,-505,-505,-505,-505,-505,-505,-505,-505,-505,-505,-505,-505,-505
M,2029,7481,6288,5652,5201,4908,4682,4563,3911,3986,4008,3858,3801,3770,3784,4060,4756,5779,7018,7484,8058,8616,8860,8938,9243,9435,9682,9623,9438,9229,9164,9037,8543,7746,7035,6235,5439,4095,2812,1708,702,374,-27,33,150,296,260,-264,-1042,-1753,-2519,-2592,-2614,-2453,-2178,-1809,-1434,-1128,-1018,-940,-851,-828,-928,-1107,-1352,-1631,-1808,-1825,-1660,-1487,-1371,-1191,-1153,-1152,-1015,-1033,-1003,-1026,-1065,-1177,-1277,-1382,-1492,-1673,-1406,-1403,-531,-531,-531,-531,-531,-531,-531,-531,-531,-531,-531,-531,-531,-531,-531,-531
M,2030,7534,6335,5693,5239,4940,4715,4590,4427,3970,4067,3891,3812,3802,3859,4109,4817,5848,7136,7586,8324,8776,9139,9086,9358,9565,9912,9818,9669,9504,9287,9095,8620,7880,7195,6424,5610,4344,3133,1940,997,416,123,157,350,469,347,-47,-893,-1718,-2298,-2779,-2604,-2446,-2159,-1760,-1464,-1101,-914,-861,-851,-937,-981,-1180,-1388,-1611,-1836,-1880,-1783,-1569,-1413,-1286,-1216,-1163,-1212,-1068,-1131,-1107,-1166,-1257,-1326,-1493,-1543,-1674,-1832,-1481,-558,-558,-558,-558,-558,-558,-558,-558,-558,-558,-558,-558,-558,-558,-558,-558
M,2031,7583,6381,5736,5275,4979,4749,4621,4452,4362,4117,3903,3835,3818,3862,4151,4851,5889,7200,7701,8454,9004,9296,9347,9505,9657,10009,10015,9842,9713,9561,9229,8663,7938,7277,6540,5761,4510,3307,2194,1170,631,130,264,435,628,482,1,-704,-1590,-2305,-2620,-2811,-2472,-2186,-1804,-1437,-1166,-915,-798,-808,-964,-1118,-1251,-1495,-1652,-1852,-1943,-1871,-1684,-1515,-1345,-1350,-1251,-1246,-1227,-1185,-1246,-1288,-1369,-1433,-1542,-1653,-1734,-1826,-1929,-586,-586,-586,-586,-586,-586,-586,-586,-586,-586,-586,-586,-586,-586,-586,-586
M,2032,7633,6429,5777,5315,5011,4780,4652,4479,4388,4239,3922,3846,3828,3874,4158,4875,5918,7234,7759,8540,9139,9466,9501,9721,9779,10083,10085,9954,9821,9718,9476,8747,7931,7301,6585,5833,4617,3460,2321,1368,770,269,249,511,691,616,112,-676,-1426,-2208,-2651,-2708,-2691,-2237,-1857,-1512,-1169,-996,-826,-787,-943,-1187,-1427,-1603,-1798,-1893,-1990,-1962,-1804,-1650,-1486,-1430,-1422,-1367,-1322,-1324,-1346,-1446,-1510,-1557,-1668,-1717,-1851,-1895,-1921,-642,-642,-642,-642,-642,-642,-642,-642,-642,-642,-642,-642,-642,-642,-642,-642
M,2033,7683,6472,5818,5351,5046,4809,4678,4503,4411,4262,4155,3856,3850,3897,4189,4917,5972,7301,7838,8641,9260,9630,9678,9904,10020,10241,10217,10087,9964,9856,9679,9065,8082,7344,6689,5959,4766,3647,2563,1587,1032,478,426,548,796,704,269,-542,-1376,-2002,-2516,-2690,-2562,-2390,-1854,-1511,-1188,-955,-855,-771,-883,-1118,-1467,-1747,-1873,-2002,-1973,-1953,-1838,-1714,-1560,-1511,-1438,-1472,-1375,-1381,-1420,-1503,-1628,-1658,-1751,-1808,-1883,-1990,-1972,-688,-688,-688,-688,-688,-688,-688,-688,-688,-688,-688,-688,-688,-688,-688,-688
M,2034,7734,6520,5858,5387,5079,4839,4702,4532,4434,4284,4178,4045,3860,3913,4216,4957,6025,7365,7920,8727,9366,9751,9839,10074,10190,10461,10360,10216,10091,9997,9809,9253,8381,7487,6728,6056,4887,3792,2748,1826,1242,726,612,710,830,803,351,-389,-1240,-1954,-2315,-2562,-2549,-2274,-1989,-1502,-1185,-971,-815,-800,-868,-1056,-1391,-1787,-2030,-2081,-2083,-1937,-1829,-1742,-1616,-1579,-1516,-1488,-1482,-1437,-1479,-1578,-1690,-1785,-1857,-1898,-1983,-2024,-2071,-731,-731,-731,-731,-731,-731,-731,-731,-731,-731,-731,-731,-731,-731,-731,-731
M,2035,7785,6563,5899,5422,5111,4868,4732,4554,4458,4305,4195,4065,4015,3922,4233,4986,6073,7435,7998,8815,9452,9848,9959,10228,10347,10617,10568,10349,10208,10110,9936,9366,8563,7777,6863,6089,4981,3906,2889,2008,1470,922,838,879,973,832,443,-310,-1088,-1821,-2270,-2371,-2431,-2255,-1882,-1622,-1176,-970,-830,-762,-898,-1039,-1324,-1709,-2078,-2239,-2163,-2042,-1815,-1734,-1646,-1633,-1581,-1565,-1501,-1549,-1542,-1642,-1773,-1853,-1990,-2008,-2075,-2128,-2102,-777,-777,-777,-777,-777,-777,-777,-777,-777,-777,-777,-777,-777,-777,-777,-777
M,2036,7829,6607,5937,5458,5141,4898,4758,4582,4480,4325,4219,4086,4035,4066,4242,5013,6110,7494,8076,8902,9543,9940,10059,10339,10491,10763,10713,10539,10335,10222,10053,9492,8673,7945,7141,6218,5004,3993,3002,2142,1642,1134,1018,1084,1130,966,469,-226,-1012,-1668,-2142,-2330,-2252,-2151,-1870,-1523,-1283,-956,-824,-775,-860,-1074,-1306,-1637,-1991,-2290,-2317,-2120,-1910,-1722,-1636,-1659,-1637,-1632,-1579,-1566,-1658,-1707,-1842,-1939,-2058,-2148,-2190,-2225,-2209,-818,-818,-818,-818,-818,-818,-818,-818,-818,-818,-818,-818,-818,-818,-818,-818
M,2037,7877,6650,5976,5493,5175,4928,4783,4603,4504,4349,4238,4105,4051,4082,4385,5028,6142,7539,8152,8988,9632,10032,10146,10437,10598,10901,10854,10678,10515,10347,10153,9597,8789,8045,7300,6487,5123,4010,3084,2250,1771,1296,1212,1244,1316,1112,599,-205,-935,-1596,-1992,-2207,-2216,-1994,-1773,-1510,-1195,-1056,-810,-770,-871,-1032,-1345,-1618,-1916,-2207,-2371,-2268,-1984,-1810,-1625,-1653,-1663,-1686,-1645,-1649,-1679,-1834,-1916,-2012,-2151,-2222,-2336,-2346,-2310,-861,-861,-861,-861,-861,-861,-861,-861,-861,-861,-861,-861,-861,-861,-861,-861
M,2038,7922,6692,6015,5525,5207,4955,4807,4627,4525,4368,4259,4122,4070,4100,4405,5186,6160,7577,8205,9069,9725,10119,10237,10519,10693,10999,10974,10808,10650,10519,10269,9690,8888,8152,7396,6642,5399,4126,3096,2329,1873,1414,1361,1421,1461,1283,741,-80,-914,-1523,-1924,-2067,-2107,-1961,-1631,-1422,-1179,-973,-903,-755,-866,-1051,-1301,-1660,-1898,-2130,-2290,-2320,-2123,-1879,-1709,-1642,-1656,-1711,-1698,-1713,-1762,-1854,-2048,-2090,-2229,-2318,-2414,-2497,-2434,-906,-906,-906,-906,-906,-906,-906,-906,-906,-906,-906,-906,-906,-906,-906,-906
M,2039,7967,6732,6050,5560,5236,4985,4830,4654,4545,4389,4278,4143,4088,4119,4422,5209,6351,7605,8254,9133,9808,10207,10326,10606,10773,11087,11071,10926,10765,10645,10434,9798,8978,8246,7501,6731,5551,4398,3206,2330,1945,1513,1471,1554,1622,1423,904,64,-790,-1506,-1852,-2003,-1974,-1857,-1601,-1297,-1100,-954,-820,-847,-851,-1045,-1322,-1616,-1944,-2110,-2216,-2242,-2173,-2005,-1775,-1723,-1649,-1710,-1731,-1773,-1832,-1947,-2071,-2232,-2310,-2402,-2515,-2575,-2587,-952,-952,-952,-952,-952,-952,-952,-952,-952,-952,-952,-952,-952,-952,-952,-952
M,2040,8013,6772,6090,5592,5263,5009,4854,4672,4564,4406,4299,4160,4101,4133,4439,5230,6381,7837,8289,9186,9870,10292,10412,10692,10849,11155,11151,11020,10875,10761,10552,9952,9081,8332,7588,6823,5634,4548,3484,2439,1943,1577,1557,1657,1745,1571,1038,230,-645,-1383,-1837,-1937,-1917,-1740,-1513,-1267,-985,-882,-802,-764,-947,-1033,-1320,-1638,-1897,-2158,-2198,-2174,-2101,-2052,-1892,-1787,-1726,-1702,-1730,-1805,-1893,-2019,-2170,-2255,-2459,-2483,-2602,-2681,-2668,-1003,-1003,-1003,-1003,-1003,-1003,-1003,-1003,-1003,-1003,-1003,-1003,-1003,-1003,-1003,-1003
M,2041,8054,6812,6119,5615,5284,5031,4870,4684,4575,4415,4303,4164,4106,4142,4447,5243,6396,7866,8551,9218,9919,10346,10491,10764,10925,11219,11207,11084,10950,10855,10647,10048,9222,8414,7654,6892,5714,4618,3617,2704,2032,1571,1608,1726,1828,1680,1178,358,-483,-1242,-1722,-1929,-1857,-1689,-1408,-1188,-961,-778,-732,-747,-864,-1137,-1316,-1643,-1930,-2114,-2248,-2156,-2040,-1987,-1940,-1896,-1788,-1779,-1728,-1807,-1932,-2087,-2250,-2361,-2485,-2640,-2686,-2773,-2776,-1053,-1053,-1053,-1053,-1053,-1053,-1053,-1053,-1053,-1053,-1053,-1053,-1053,-1053,-1053,-1053
M,2042,8093,6850,6152,5645,5308,5051,4882,4695,4583,4420,4310,4172,4113,4144,4452,5252,6416,7891,8592,9513,9948,10389,10544,10829,10992,11284,11268,11141,11013,10926,10729,10141,9317,8542,7739,6948,5780,4692,3681,2841,2286,1660,1599,1776,1894,1757,1280,497,-359,-1081,-1583,-1817,-1851,-1635,-1363,-1095,-891,-755,-630,-676,-848,-1051,-1429,-1641,-1938,-2147,-2205,-2202,-2023,-1930,-1885,-1940,-1896,-1840,-1803,-1806,-1935,-2129,-2324,-2447,-2595,-2671,-2849,-2857,-2872,-1103,-1103,-1103,-1103,-1103,-1103,-1103,-1103,-1103,-1103,-1103,-1103,-1103,-1103,-1103,-1103
M,2043,8132,6884,6180,5667,5329,5069,4893,4710,4592,4432,4318,4177,4119,4147,4461,5266,6438,7919,8627,9551,10258,10417,10592,10885,11058,11349,11324,11197,11070,10988,10792,10219,9405,8633,7864,7022,5836,4746,3755,2903,2412,1903,1678,1769,1936,1814,1357,600,-218,-952,-1423,-1688,-1750,-1626,-1316,-1055,-809,-690,-607,-572,-775,-1036,-1342,-1763,-1943,-2155,-2239,-2163,-2069,-1917,-1833,-1887,-1935,-1944,-1864,-1885,-1935,-2132,-2368,-2528,-2685,-2789,-2877,-3023,-2957,-1153,-1153,-1153,-1153,-1153,-1153,-1153,-1153,-1153,-1153,-1153,-1153,-1153,-1153,-1153,-1153
M,2044,8173,6919,6212,5691,5350,5085,4905,4720,4602,4441,4326,4182,4123,4148,4466,5276,6455,7947,8665,9595,10303,10714,10627,10932,11109,11405,11381,11256,11126,11040,10849,10279,9481,8715,7950,7139,5906,4796,3808,2972,2466,2022,1895,1839,1930,1856,1410,675,-118,-811,-1302,-1536,-1628,-1534,-1310,-1013,-769,-612,-543,-552,-670,-963,-1330,-1679,-2072,-2167,-2250,-2196,-2034,-1955,-1821,-1839,-1887,-1984,-1969,-1945,-2016,-2133,-2374,-2575,-2766,-2888,-2999,-3055,-3125,-1201,-1201,-1201,-1201,-1201,-1201,-1201,-1201,-1201,-1201,-1201,-1201,-1201,-1201,-1201,-1201
M,2045,8208,6952,6242,5714,5367,5104,4920,4728,4613,4448,4332,4192,4127,4155,4468,5290,6476,7972,8697,9637,10351,10759,10907,10959,11157,11450,11433,11314,11181,11092,10894,10324,9540,8784,8027,7213,6027,4859,3856,3025,2528,2076,2004,2040,1993,1850,1447,728,-43,-708,-1162,-1421,-1489,-1426,-1230,-1007,-728,-576,-470,-487,-644,-854,-1255,-1670,-1987,-2297,-2265,-2211,-2069,-1920,-1862,-1830,-1843,-1938,-2011,-2052,-2078,-2218,-2375,-2582,-2817,-2977,-3099,-3179,-3156,-1255,-1255,-1255,-1255,-1255,-1255,-1255,-1255,-1255,-1255,-1255,-1255,-1255,-1255,-1255,-1255
M,2046,8246,6985,6269,5738,5388,5120,4931,4741,4621,4454,4339,4196,4130,4154,4472,5298,6493,7997,8734,9679,10391,10799,10956,11215,11187,11490,11473,11363,11235,11145,10938,10368,9590,8836,8093,7278,6098,4974,3911,3072,2573,2135,2045,2136,2176,1911,1435,761,7,-637,-1063,-1290,-1382,-1299,-1135,-933,-723,-536,-431,-410,-579,-831,-1144,-1591,-1982,-2214,-2397,-2229,-2081,-1951,-1832,-1864,-1839,-1895,-1967,-2097,-2188,-2286,-2469,-2584,-2821,-3022,-3187,-3287,-3286,-1304,-1304,-1304,-1304,-1304,-1304,-1304,-1304,-1304,-1304,-1304,-1304,-1304,-1304,-1304,-1304
M,2047,8279,7014,6295,5758,5406,5137,4942,4748,4629,4461,4343,4202,4134,4158,4477,5307,6508,8019,8767,9720,10436,10837,10997,11259,11415,11512,11508,11405,11283,11195,10984,10408,9630,8883,8146,7338,6163,5043,4021,3129,2605,2177,2100,2177,2259,2073,1491,748,39,-585,-994,-1197,-1262,-1203,-1024,-851,-660,-530,-387,-373,-500,-760,-1120,-1474,-1907,-2213,-2321,-2351,-2103,-1964,-1864,-1836,-1873,-1885,-1926,-2052,-2233,-2404,-2539,-2683,-2821,-3028,-3235,-3375,-3396,-1355,-1355,-1355,-1355,-1355,-1355,-1355,-1355,-1355,-1355,-1355,-1355,-1355,-1355,-1355,-1355
M,2048,8314,7046,6321,5783,5425,5152,4954,4758,4631,4465,4347,4205,4135,4160,4480,5317,6523,8044,8800,9756,10473,10880,11039,11300,11459,11716,11534,11438,11321,11244,11030,10449,9671,8919,8186,7376,6221,5099,4089,3238,2656,2215,2139,2225,2297,2155,1651,802,17,-555,-946,-1133,-1176,-1093,-937,-753,-585,-470,-382,-332,-463,-679,-1049,-1453,-1786,-2138,-2325,-2281,-2213,-1985,-1879,-1866,-1848,-1923,-1923,-2011,-2187,-2453,-2667,-2760,-2929,-3031,-3240,-3424,-3484,-1404,-1404,-1404,-1404,-1404,-1404,-1404,-1404,-1404,-1404,-1404,-1404,-1404,-1404,-1404,-1404
M,2049,8347,7074,6347,5801,5441,5171,4961,4769,4638,4471,4352,4210,4137,4164,4485,5324,6539,8066,8832,9791,10513,10917,11081,11339,11496,11749,11716,11465,11355,11280,11065,10490,9711,8958,8220,7406,6257,5150,4145,3300,2756,2266,2171,2265,2339,2188,1727,964,68,-579,-920,-1086,-1116,-1015,-842,-676,-497,-402,-326,-328,-420,-642,-965,-1377,-1766,-2021,-2253,-2290,-2157,-2088,-1901,-1879,-1876,-1899,-1957,-2007,-2145,-2406,-2720,-2898,-3009,-3141,-3239,-3427,-3530,-1454,-1454,-1454,-1454,-1454,-1454,-1454,-1454,-1454,-1454,-1454,-1454,-1454,-1454,-1454,-1454
M,2050,8379,7103,6372,5821,5461,5185,4971,4778,4648,4476,4356,4214,4139,4164,4488,5330,6550,8085,8861,9825,10553,10952,11118,11374,11531,11780,11747,11634,11377,11313,11098,10526,9753,8991,8255,7432,6291,5179,4196,3356,2818,2363,2212,2291,2372,2226,1757,1039,236,-530,-949,-1064,-1075,-960,-775,-592,-429,-322,-260,-266,-414,-599,-929,-1292,-1695,-2003,-2143,-2228,-2166,-2037,-1997,-1904,-1890,-1927,-1937,-2044,-2142,-2366,-2669,-2953,-3155,-3233,-3356,-3426,-3533,-1501,-1501,-1501,-1501,-1501,-1501,-1501,-1501,-1501,-1501,-1501,-1501,-1501,-1501,-1501,-1501
M,2051,8407,7133,6397,5840,5478,5200,4980,4784,4654,4478,4359,4214,4144,4164,4489,5340,6565,8104,8892,9862,10589,10988,11155,11412,11569,11811,11781,11665,11540,11331,11120,10551,9788,9026,8287,7451,6312,5204,4221,3402,2861,2419,2303,2329,2396,2256,1795,1065,306,-362,-899,-1091,-1053,-923,-727,-530,-352,-257,-182,-204,-354,-594,-889,-1257,-1605,-1928,-2128,-2123,-2108,-2047,-1954,-1994,-1911,-1943,-1968,-2023,-2182,-2362,-2626,-2902,-3211,-3388,-3449,-3548,-3531,-1542,-1542,-1542,-1542,-1542,-1542,-1542,-1542,-1542,-1542,-1542,-1542,-1542,-1542,-1542,-1542
M,2052,8435,7159,6420,5860,5495,5212,4989,4790,4660,4485,4363,4218,4146,4166,4489,5347,6575,8124,8917,9895,10623,11021,11190,11446,11602,11836,11805,11696,11569,11488,11137,10574,9812,9056,8316,7480,6332,5217,4240,3429,2903,2466,2350,2410,2430,2278,1822,1106,329,-292,-734,-1049,-1079,-903,-695,-489,-300,-187,-120,-129,-288,-531,-886,-1215,-1573,-1844,-2060,-2111,-2016,-1997,-1969,-1953,-2000,-1960,-1981,-2054,-2160,-2405,-2625,-2858,-3157,-3449,-3611,-3649,-3657,-1577,-1577,-1577,-1577,-1577,-1577,-1577,-1577,-1577,-1577,-1577,-1577,-1577,-1577,-1577,-1577
M,2053,8464,7184,6444,5875,5509,5224,4999,4796,4663,4487,4365,4220,4144,4169,4491,5351,6590,8142,8943,9928,10657,11055,11224,11479,11631,11866,11831,11724,11596,11515,11287,10587,9834,9083,8348,7502,6356,5238,4251,3447,2922,2506,2391,2457,2503,2309,1841,1129,364,-268,-665,-890,-1038,-923,-676,-459,-263,-138,-55,-66,-208,-463,-818,-1211,-1538,-1811,-1980,-2048,-2010,-1916,-1928,-1967,-1959,-2047,-2000,-2065,-2191,-2382,-2669,-2856,-3110,-3395,-3679,-3818,-3763,-1615,-1615,-1615,-1615,-1615,-1615,-1615,-1615,-1615,-1615,-1615,-1615,-1615,-1615,-1615,-1615
M,2054,8490,7209,6466,5896,5523,5236,5005,4802,4667,4491,4369,4222,4143,4165,4492,5358,6600,8160,8970,9957,10691,11082,11262,11514,11663,11891,11853,11751,11622,11542,11309,10732,9847,9100,8366,7522,6379,5251,4266,3457,2934,2526,2424,2492,2544,2375,1870,1151,387,-237,-643,-827,-894,-886,-695,-441,-233,-106,-5,-1,-147,-378,-745,-1143,-1537,-1779,-1949,-1974,-1951,-1910,-1856,-1927,-1974,-2011,-2087,-2084,-2203,-2417,-2649,-2905,-3108,-3342,-3616,-3887,-3936,-1655,-1655,-1655,-1655,-1655,-1655,-1655,-1655,-1655,-1655,-1655,-1655,-1655,-1655,-1655,-1655
M,2055,8517,7236,6486,5912,5537,5248,5013,4808,4671,4496,4369,4223,4146,4166,4491,5365,6611,8175,8995,9985,10723,11110,11291,11542,11695,11917,11879,11775,11646,11567,11330,10749,9990,9107,8381,7533,6394,5267,4277,3469,2938,2536,2442,2524,2578,2413,1938,1176,403,-218,-614,-808,-836,-756,-662,-456,-219,-82,27,48,-77,-313,-656,-1063,-1467,-1779,-1924,-1951,-1887,-1859,-1851,-1859,-1933,-2024,-2048,-2173,-2220,-2432,-2683,-2884,-3160,-3342,-3563,-3823,-4009,-1700,-1700,-1700,-1700,-1700,-1700,-1700,-1700,-1700,-1700,-1700,-1700,-1700,-1700,-1700,-1700
M,2056,8539,7256,6504,5929,5550,5261,5020,4815,4678,4497,4372,4224,4143,4165,4494,5368,6621,8194,9019,10012,10751,11140,11323,11575,11722,11941,11902,11801,11670,11590,11347,10765,10007,9244,8388,7538,6404,5281,4291,3482,2946,2548,2456,2540,2604,2442,1972,1242,429,-202,-597,-779,-820,-702,-547,-429,-235,-66,51,80,-29,-239,-586,-969,-1382,-1707,-1924,-1927,-1866,-1800,-1808,-1854,-1869,-1987,-2059,-2132,-2315,-2449,-2701,-2922,-3135,-3397,-3560,-3765,-3943,-1745,-1745,-1745,-1745,-1745,-1745,-1745,-1745,-1745,-1745,-1745,-1745,-1745,-1745,-1745,-1745
M,2057,8565,7281,6524,5943,5562,5272,5029,4820,4680,4500,4372,4224,4143,4162,4494,5373,6628,8209,9042,10041,10784,11166,11351,11600,11748,11965,11923,11821,11692,11613,11368,10780,10027,9261,8525,7536,6411,5284,4298,3492,2953,2554,2457,2552,2618,2469,2000,1277,494,-177,-583,-764,-795,-688,-500,-328,-209,-79,66,106,4,-188,-512,-897,-1285,-1623,-1856,-1930,-1849,-1783,-1756,-1814,-1869,-1923,-2023,-2143,-2273,-2549,-2720,-2940,-3175,-3372,-3616,-3761,-3884,-1780,-1780,-1780,-1780,-1780,-1780,-1780,-1780,-1780,-1780,-1780,-1780,-1780,-1780,-1780,-1780
M,2058,8586,7301,6546,5958,5575,5282,5032,4826,4680,4503,4373,4225,4141,4166,4495,5379,6640,8226,9062,10068,10813,11193,11382,11629,11774,11987,11945,11844,11715,11633,11384,10801,10044,9278,8538,7664,6405,5287,4296,3500,2960,2563,2466,2556,2630,2479,2023,1303,529,-113,-562,-753,-782,-665,-487,-285,-117,-55,57,123,34,-153,-458,-816,-1209,-1524,-1776,-1869,-1850,-1768,-1742,-1766,-1829,-1921,-1962,-2105,-2282,-2502,-2825,-2960,-3196,-3415,-3591,-3823,-3879,-1806,-1806,-1806,-1806,-1806,-1806,-1806,-1806,-1806,-1806,-1806,-1806,-1806,-1806,-1806,-1806
M,2059,8609,7321,6561,5975,5588,5292,5039,4833,4681,4502,4377,4226,4142,4164,4494,5383,6647,8240,9084,10090,10840,11219,11411,11657,11801,12007,11965,11864,11734,11653,11400,10816,10062,9294,8548,7674,6540,5274,4291,3499,2961,2571,2470,2564,2633,2489,2032,1325,552,-80,-500,-732,-770,-650,-466,-271,-78,29,81,111,50,-126,-419,-758,-1127,-1447,-1680,-1791,-1794,-1769,-1734,-1756,-1784,-1882,-1959,-2040,-2243,-2511,-2774,-3075,-3221,-3440,-3639,-3793,-3941,-1828,-1828,-1828,-1828,-1828,-1828,-1828,-1828,-1828,-1828,-1828,-1828,-1828,-1828,-1828,-1828
M,2060,8630,7343,6581,5989,5596,5303,5042,4836,4686,4505,4375,4224,4140,4161,4494,5386,6654,8254,9105,10117,10866,11244,11438,11681,11827,12028,11983,11883,11755,11671,11415,10832,10078,9304,8563,7677,6545,5406,4279,3493,2955,2577,2477,2570,2641,2493,2042,1336,573,-60,-466,-675,-749,-642,-456,-251,-65,66,160,139,41,-108,-391,-719,-1069,-1363,-1609,-1703,-1724,-1719,-1738,-1746,-1774,-1838,-1920,-2036,-2172,-2469,-2787,-3025,-3340,-3468,-3665,-3845,-3911,-1851,-1851,-1851,-1851,-1851,-1851,-1851,-1851,-1851,-1851,-1851,-1851,-1851,-1851,-1851,-1851
M,2061,8653,7362,6600,6006,5614,5320,5057,4847,4696,4513,4383,4234,4149,4166,4502,5397,6669,8273,9131,10145,10896,11275,11469,11713,11856,12059,12011,11915,11781,11699,11443,10856,10104,9325,8581,7691,6556,5412,4419,3484,2953,2578,2486,2583,2651,2504,2049,1347,583,-36,-443,-643,-694,-620,-443,-238,-48,81,202,220,70,-117,-372,-687,-1027,-1303,-1525,-1635,-1641,-1653,-1693,-1749,-1765,-1827,-1875,-1998,-2167,-2395,-2741,-3037,-3289,-3594,-3698,-3874,-3964,-1868,-1868,-1868,-1868,-1868,-1868,-1868,-1868,-1868,-1868,-1868,-1868,-1868,-1868,-1868,-1868
M,2062,8675,7385,6620,6023,5630,5332,5069,4855,4707,4522,4392,4241,4155,4175,4510,5405,6681,8292,9156,10172,10926,11306,11503,11744,11889,12087,12042,11939,11810,11727,11470,10880,10124,9345,8600,7707,6565,5418,4421,3622,2942,2575,2487,2591,2663,2513,2058,1352,593,-28,-424,-620,-664,-572,-427,-229,-36,98,216,259,152,-90,-386,-672,-996,-1261,-1469,-1554,-1580,-1577,-1630,-1707,-1770,-1815,-1862,-1951,-2126,-2391,-2662,-2989,-3303,-3543,-3831,-3913,-3995,-1887,-1887,-1887,-1887,-1887,-1887,-1887,-1887,-1887,-1887,-1887,-1887,-1887,-1887,-1887,-1887
M,2063,8693,7404,6639,6042,5646,5346,5080,4866,4716,4528,4398,4248,4160,4182,4517,5415,6695,8312,9180,10203,10956,11335,11533,11774,11917,12116,12068,11967,11834,11753,11496,10903,10146,9365,8617,7721,6578,5425,4425,3624,3074,2564,2486,2593,2672,2521,2065,1357,595,-22,-416,-600,-642,-544,-381,-215,-26,110,233,273,191,-2,-357,-689,-982,-1236,-1429,-1501,-1508,-1520,-1562,-1650,-1729,-1821,-1852,-1937,-2077,-2349,-2659,-2907,-3253,-3560,-3780,-4050,-4039,-1904,-1904,-1904,-1904,-1904,-1904,-1904,-1904,-1904,-1904,-1904,-1904,-1904,-1904,-1904,-1904
M,2064,8712,7422,6656,6059,5662,5360,5090,4877,4723,4535,4405,4253,4166,4187,4524,5424,6705,8329,9203,10232,10983,11365,11562,11802,11943,12145,12093,11991,11863,11775,11516,10929,10167,9387,8634,7734,6589,5432,4427,3623,3075,2688,2476,2592,2673,2529,2075,1361,598,-23,-411,-593,-625,-525,-358,-173,-10,119,247,291,209,40,-263,-660,-1003,-1221,-1404,-1466,-1459,-1454,-1511,-1588,-1675,-1782,-1857,-1924,-2062,-2298,-2613,-2904,-3170,-3511,-3803,-4001,-4182,-1922,-1922,-1922,-1922,-1922,-1922,-1922,-1922,-1922,-1922,-1922,-1922,-1922,-1922,-1922,-1922
M,2065,8730,7442,6673,6073,5676,5372,5101,4886,4732,4543,4414,4259,4172,4193,4531,5431,6719,8344,9223,10258,11010,11391,11590,11829,11971,12168,12118,12014,11882,11798,11540,10951,10189,9405,8648,7746,6596,5437,4429,3621,3073,2687,2590,2583,2673,2531,2079,1366,603,-21,-412,-592,-622,-509,-340,-151,26,132,254,303,226,54,-222,-561,-975,-1243,-1390,-1441,-1425,-1410,-1452,-1539,-1617,-1731,-1817,-1929,-2047,-2284,-2559,-2856,-3167,-3425,-3754,-4029,-4136,-1947,-1947,-1947,-1947,-1947,-1947,-1947,-1947,-1947,-1947,-1947,-1947,-1947,-1947,-1947,-1947
M,2066,8749,7460,6692,6090,5690,5385,5111,4895,4739,4548,4418,4266,4177,4199,4536,5439,6730,8361,9247,10281,11038,11418,11616,11854,11996,12192,12141,12037,11904,11820,11562,10969,10208,9421,8663,7755,6605,5441,4433,3620,3070,2683,2588,2688,2664,2531,2078,1369,606,-21,-411,-594,-618,-505,-327,-136,44,165,268,313,240,73,-206,-517,-869,-1216,-1414,-1429,-1404,-1380,-1412,-1486,-1573,-1675,-1769,-1889,-2052,-2267,-2543,-2799,-3120,-3423,-3666,-3981,-4169,-1966,-1966,-1966,-1966,-1966,-1966,-1966,-1966,-1966,-1966,-1966,-1966,-1966,-1966,-1966,-1966
M,2067,8766,7476,6709,6102,5702,5397,5120,4902,4745,4553,4424,4272,4183,4202,4541,5444,6740,8374,9267,10305,11063,11445,11642,11880,12021,12216,12164,12059,11927,11842,11582,10987,10225,9437,8677,7768,6610,5447,4434,3622,3069,2684,2586,2690,2761,2523,2073,1364,607,-20,-415,-593,-621,-500,-321,-123,61,182,300,327,251,85,-189,-506,-827,-1110,-1390,-1454,-1395,-1363,-1388,-1452,-1522,-1632,-1713,-1838,-2011,-2274,-2527,-2784,-3058,-3372,-3666,-3893,-4120,-1986,-1986,-1986,-1986,-1986,-1986,-1986,-1986,-1986,-1986,-1986,-1986,-1986,-1986,-1986,-1986
M,2068,8781,7492,6722,6116,5712,5406,5129,4910,4750,4560,4429,4276,4187,4206,4548,5451,6748,8391,9283,10327,11086,11466,11665,11904,12045,12238,12186,12078,11945,11861,11600,11009,10241,9453,8694,7776,6619,5451,4436,3622,3068,2681,2586,2687,2761,2613,2063,1357,598,-22,-412,-595,-619,-503,-318,-118,71,196,317,359,265,94,-180,-485,-817,-1068,-1286,-1432,-1419,-1356,-1369,-1427,-1490,-1580,-1669,-1782,-1960,-2232,-2535,-2769,-3043,-3312,-3616,-3896,-4031,-2000,-2000,-2000,-2000,-2000,-2000,-2000,-2000,-2000,-2000,-2000,-2000,-2000,-2000,-2000,-2000
M,2069,8796,7507,6738,6129,5726,5415,5138,4917,4756,4567,4434,4282,4191,4207,4550,5459,6761,8403,9302,10349,11107,11490,11687,11928,12066,12257,12205,12099,11966,11881,11616,11025,10259,9466,8704,7786,6622,5452,4437,3620,3064,2679,2584,2686,2757,2612,2151,1347,591,-30,-415,-593,-623,-504,-319,-117,77,208,331,379,296,108,-168,-476,-797,-1059,-1245,-1334,-1399,-1380,-1365,-1413,-1467,-1550,-1619,-1739,-1901,-2178,-2491,-2778,-3029,-3297,-3554,-3845,-4037,-2007,-2007,-2007,-2007,-2007,-2007,-2007,-2007,-2007,-2007,-2007,-2007,-2007,-2007,-2007,-2007
M,2070,8810,7523,6752,6144,5737,5426,5145,4924,4763,4571,4438,4286,4193,4211,4555,5464,6768,8415,9318,10370,11128,11510,11709,11949,12088,12279,12223,12117,11981,11897,11634,11040,10274,9480,8715,7796,6631,5456,4436,3616,3062,2679,2583,2683,2758,2609,2147,1437,575,-40,-426,-601,-624,-505,-319,-119,78,213,342,389,314,141,-154,-467,-786,-1043,-1239,-1299,-1309,-1362,-1387,-1410,-1454,-1528,-1589,-1689,-1856,-2117,-2435,-2731,-3037,-3286,-3543,-3785,-3989,-2013,-2013,-2013,-2013,-2013,-2013,-2013,-2013,-2013,-2013,-2013,-2013,-2013,-2013,-2013,-2013
M,2071,8822,7536,6766,6154,5747,5434,5152,4930,4766,4572,4442,4289,4197,4215,4557,5469,6778,8426,9335,10388,11151,11531,11733,11973,12104,12295,12243,12134,11999,11914,11651,11053,10287,9495,8726,7805,6637,5458,4436,3615,3059,2675,2578,2682,2756,2608,2146,1431,667,-56,-439,-610,-626,-507,-322,-118,75,215,343,401,326,160,-118,-454,-781,-1032,-1224,-1293,-1277,-1281,-1373,-1432,-1452,-1515,-1568,-1656,-1803,-2072,-2368,-2673,-2990,-3297,-3534,-3775,-3927,-2015,-2015,-2015,-2015,-2015,-2015,-2015,-2015,-2015,-2015,-2015,-2015,-2015,-2015,-2015,-2015
M,2072,8834,7550,6780,6168,5757,5443,5160,4935,4771,4577,4444,4291,4199,4216,4560,5474,6782,8436,9350,10406,11169,11549,11753,11992,12126,12313,12257,12149,12014,11928,11664,11066,10303,9506,8737,7813,6641,5460,4434,3613,3056,2673,2577,2679,2756,2603,2143,1425,659,36,-461,-622,-635,-510,-320,-120,78,215,348,405,339,175,-100,-415,-768,-1028,-1214,-1278,-1273,-1254,-1298,-1421,-1474,-1511,-1555,-1634,-1770,-2016,-2319,-2602,-2928,-3247,-3546,-3770,-3919,-2012,-2012,-2012,-2012,-2012,-2012,-2012,-2012,-2012,-2012,-2012,-2012,-2012,-2012,-2012,-2012
M,2073,8848,7563,6792,6180,5765,5448,5166,4939,4774,4580,4448,4294,4199,4215,4560,5476,6789,8445,9365,10424,11187,11569,11770,12009,12142,12329,12272,12163,12027,11940,11675,11080,10313,9517,8743,7822,6642,5460,4436,3611,3052,2666,2574,2676,2751,2602,2139,1418,650,28,-366,-643,-647,-518,-321,-120,76,217,346,409,344,187,-86,-397,-728,-1016,-1209,-1272,-1259,-1252,-1274,-1351,-1460,-1533,-1550,-1623,-1749,-1981,-2262,-2550,-2855,-3180,-3494,-3782,-3918,-2010,-2010,-2010,-2010,-2010,-2010,-2010,-2010,-2010,-2010,-2010,-2010,-2010,-2010,-2010,-2010
M,2074,8859,7573,6803,6189,5773,5455,5172,4944,4777,4583,4450,4296,4199,4218,4561,5478,6794,8455,9378,10441,11203,11585,11789,12026,12158,12346,12283,12175,12038,11952,11689,11093,10325,9525,8753,7825,6647,5463,4435,3609,3047,2663,2569,2673,2748,2599,2138,1413,642,18,-377,-553,-665,-528,-330,-122,73,214,348,407,347,192,-76,-383,-711,-978,-1198,-1267,-1254,-1241,-1272,-1328,-1394,-1520,-1570,-1620,-1736,-1960,-2225,-2489,-2802,-3101,-3426,-3732,-3933,-2008,-2008,-2008,-2008,-2008,-2008,-2008,-2008,-2008,-2008,-2008,-2008,-2008,-2008,-2008,-2008
M,2075,8871,7583,6814,6198,5781,5461,5177,4948,4779,4584,4452,4296,4200,4220,4564,5481,6798,8465,9390,10457,11219,11601,11804,12041,12173,12358,12296,12186,12052,11964,11698,11101,10334,9534,8758,7829,6649,5461,4434,3605,3045,2661,2565,2670,2744,2596,2135,1408,635,8,-388,-563,-583,-544,-338,-128,74,213,348,407,347,194,-70,-371,-699,-958,-1161,-1258,-1253,-1239,-1263,-1329,-1375,-1457,-1561,-1639,-1733,-1945,-2203,-2452,-2738,-3048,-3345,-3656,-3880,-2007,-2007,-2007,-2007,-2007,-2007,-2007,-2007,-2007,-2007,-2007,-2007,-2007,-2007,-2007,-2007
M,2076,8878,7592,6821,6207,5789,5471,5181,4948,4781,4587,4454,4297,4199,4219,4563,5484,6803,8472,9399,10472,11234,11617,11821,12058,12185,12366,12306,12196,12060,11972,11709,11110,10342,9541,8764,7836,6652,5461,4429,3602,3040,2656,2563,2670,2744,2592,2130,1401,625,-2,-399,-574,-595,-470,-352,-135,66,212,350,409,348,194,-67,-370,-690,-948,-1144,-1223,-1246,-1237,-1259,-1322,-1375,-1437,-1497,-1629,-1755,-1941,-2188,-2428,-2697,-2981,-3287,-3574,-3804,-2003,-2003,-2003,-2003,-2003,-2003,-2003,-2003,-2003,-2003,-2003,-2003,-2003,-2003,-2003,-2003
M,2077,8887,7601,6831,6216,5797,5474,5185,4950,4781,4586,4454,4298,4201,4219,4561,5484,6805,8480,9412,10484,11247,11629,11834,12068,12197,12378,12315,12204,12070,11980,11716,11120,10350,9548,8769,7840,6654,5460,4425,3598,3036,2650,2561,2668,2741,2589,2125,1393,619,-11,-410,-585,-604,-480,-288,-147,61,209,349,409,347,195,-70,-368,-687,-937,-1132,-1207,-1212,-1231,-1262,-1318,-1366,-1438,-1476,-1565,-1744,-1965,-2185,-2413,-2672,-2940,-3218,-3514,-3719,-1995,-1995,-1995,-1995,-1995,-1995,-1995,-1995,-1995,-1995,-1995,-1995,-1995,-1995,-1995,-1995
M,2078,8894,7609,6840,6221,5802,5479,5188,4954,4785,4587,4454,4296,4201,4217,4562,5482,6809,8483,9420,10492,11258,11645,11845,12081,12206,12388,12322,12213,12076,11988,11722,11127,10356,9552,8775,7845,6653,5459,4419,3590,3027,2648,2558,2664,2736,2585,2121,1389,613,-20,-419,-597,-614,-488,-296,-92,50,203,343,408,349,193,-70,-370,-687,-937,-1124,-1197,-1198,-1201,-1256,-1320,-1365,-1432,-1476,-1545,-1678,-1952,-2211,-2411,-2657,-2914,-3176,-3442,-3660,-1982,-1982,-1982,-1982,-1982,-1982,-1982,-1982,-1982,-1982,-1982,-1982,-1982,-1982,-1982,-1982
M,2079,8901,7617,6848,6230,5809,5485,5191,4954,4784,4585,4453,4296,4198,4217,4559,5484,6809,8487,9430,10501,11269,11651,11856,12091,12214,12393,12330,12219,12082,11992,11728,11132,10361,9559,8778,7846,6653,5456,4417,3586,3023,2642,2552,2660,2734,2580,2115,1382,604,-32,-431,-608,-624,-498,-305,-99,99,193,336,406,349,195,-72,-373,-694,-936,-1125,-1190,-1190,-1188,-1230,-1317,-1365,-1431,-1473,-1545,-1655,-1881,-2198,-2437,-2655,-2899,-3147,-3399,-3585,-1967,-1967,-1967,-1967,-1967,-1967,-1967,-1967,-1967,-1967,-1967,-1967,-1967,-1967,-1967,-1967
M,2080,8902,7622,6855,6235,5814,5486,5193,4955,4784,4584,4450,4293,4197,4215,4556,5481,6811,8494,9434,10512,11279,11662,11865,12098,12224,12400,12334,12221,12084,11996,11730,11134,10365,9560,8780,7847,6653,5454,4414,3582,3018,2637,2547,2658,2729,2576,2109,1375,595,-40,-442,-620,-633,-507,-313,-104,94,238,330,400,343,194,-70,-375,-694,-942,-1126,-1190,-1186,-1182,-1221,-1293,-1363,-1432,-1471,-1540,-1655,-1859,-2123,-2424,-2686,-2896,-3135,-3369,-3542,-1948,-1948,-1948,-1948,-1948,-1948,-1948,-1948,-1948,-1948,-1948,-1948,-1948,-1948,-1948,-1948
M,2081,8906,7630,6858,6242,5820,5489,5192,4956,4783,4582,4448,4292,4196,4210,4556,5480,6811,8498,9440,10520,11286,11669,11873,12105,12229,12404,12336,12225,12089,11997,11733,11137,10365,9564,8779,7845,6650,5449,4407,3575,3012,2634,2545,2654,2725,2573,2104,1370,587,-50,-451,-632,-644,-515,-320,-113,88,232,371,393,340,188,-73,-378,-700,-947,-1132,-1190,-1187,-1176,-1215,-1283,-1342,-1430,-1472,-1536,-1649,-1859,-2099,-2346,-2672,-2932,-3133,-3357,-3515,-1929,-1929,-1929,-1929,-1929,-1929,-1929,-1929,-1929,-1929,-1929,-1929,-1929,-1929,-1929,-1929
M,2082,8909,7633,6864,6247,5822,5492,5194,4955,4781,4578,4446,4289,4191,4207,4553,5475,6811,8496,9444,10525,11294,11676,11877,12111,12236,12407,12339,12227,12088,12002,11734,11138,10368,9566,8780,7841,6648,5447,4402,3569,3006,2628,2539,2649,2720,2567,2100,1363,579,-63,-464,-640,-654,-523,-327,-121,81,227,368,434,330,183,-78,-382,-702,-949,-1134,-1196,-1188,-1180,-1211,-1280,-1334,-1408,-1471,-1541,-1650,-1851,-2099,-2321,-2591,-2919,-3170,-3358,-3500,-1910,-1910,-1910,-1910,-1910,-1910,-1910,-1910,-1910,-1910,-1910,-1910,-1910,-1910,-1910,-1910
M,2083,8911,7639,6868,6251,5824,5494,5194,4954,4778,4577,4444,4284,4187,4203,4550,5475,6807,8498,9445,10529,11298,11682,11883,12118,12236,12408,12339,12228,12089,12000,11734,11138,10368,9565,8780,7841,6647,5442,4396,3560,2998,2621,2534,2643,2716,2562,2094,1356,569,-72,-474,-652,-663,-532,-338,-129,76,221,362,429,373,175,-86,-389,-707,-954,-1140,-1201,-1194,-1181,-1214,-1276,-1330,-1399,-1451,-1536,-1651,-1853,-2093,-2322,-2564,-2833,-3158,-3399,-3502,-1893,-1893,-1893,-1893,-1893,-1893,-1893,-1893,-1893,-1893,-1893,-1893,-1893,-1893,-1893,-1893
M,2084,8910,7641,6873,6256,5828,5495,5194,4952,4775,4574,4440,4282,4184,4200,4546,5470,6806,8498,9450,10534,11301,11686,11886,12121,12237,12410,12340,12226,12087,11999,11734,11139,10369,9564,8777,7837,6641,5437,4390,3555,2990,2614,2530,2638,2710,2557,2086,1349,559,-81,-485,-662,-672,-540,-348,-136,69,214,357,425,368,221,-98,-400,-715,-958,-1143,-1207,-1196,-1189,-1218,-1280,-1328,-1396,-1439,-1515,-1649,-1855,-2093,-2314,-2566,-2807,-3067,-3387,-3546,-1878,-1878,-1878,-1878,-1878,-1878,-1878,-1878,-1878,-1878,-1878,-1878,-1878,-1878,-1878,-1878
M,2085,8910,7642,6876,6257,5830,5496,5195,4949,4772,4570,4435,4277,4179,4194,4541,5469,6805,8497,9450,10535,11304,11689,11888,12123,12238,12409,12337,12223,12085,11994,11731,11136,10368,9561,8774,7834,6636,5432,4385,3548,2985,2608,2523,2635,2704,2552,2079,1343,553,-92,-494,-673,-682,-549,-356,-142,63,211,354,418,365,214,-49,-412,-727,-971,-1149,-1211,-1202,-1192,-1224,-1283,-1330,-1393,-1435,-1509,-1626,-1852,-2096,-2315,-2560,-2810,-3041,-3293,-3536,-1869,-1869,-1869,-1869,-1869,-1869,-1869,-1869,-1869,-1869,-1869,-1869,-1869,-1869,-1869,-1869
M,2086,8909,7646,6875,6257,5830,5496,5192,4947,4768,4564,4433,4275,4175,4189,4535,5465,6801,8496,9451,10538,11308,11690,11892,12121,12239,12405,12334,12221,12082,11990,11726,11131,10365,9559,8771,7829,6630,5425,4379,3537,2978,2600,2517,2629,2699,2546,2071,1335,545,-101,-506,-683,-693,-558,-362,-147,56,204,347,415,360,208,-55,-359,-743,-985,-1159,-1217,-1205,-1198,-1227,-1289,-1332,-1399,-1433,-1505,-1618,-1829,-2093,-2319,-2561,-2805,-3046,-3266,-3439,-1860,-1860,-1860,-1860,-1860,-1860,-1860,-1860,-1860,-1860,-1860,-1860,-1860,-1860,-1860,-1860
M,2087,8908,7646,6877,6259,5833,5495,5191,4945,4764,4560,4427,4269,4166,4184,4532,5458,6795,8492,9449,10538,11307,11689,11894,12120,12237,12401,12330,12212,12075,11987,11719,11125,10358,9556,8764,7825,6625,5420,4372,3530,2970,2593,2512,2625,2694,2541,2066,1326,535,-108,-517,-691,-702,-565,-369,-155,51,197,343,412,354,205,-61,-366,-684,-999,-1172,-1228,-1213,-1202,-1233,-1293,-1340,-1403,-1439,-1504,-1616,-1822,-2069,-2316,-2566,-2807,-3039,-3273,-3414,-1848,-1848,-1848,-1848,-1848,-1848,-1848,-1848,-1848,-1848,-1848,-1848,-1848,-1848,-1848,-1848
M,2088,8906,7645,6879,6261,5832,5495,5188,4940,4757,4554,4421,4264,4162,4178,4525,5455,6791,8487,9448,10538,11308,11689,11892,12122,12234,12395,12322,12208,12069,11978,11710,11120,10354,9548,8760,7818,6617,5412,4364,3523,2962,2586,2506,2614,2686,2534,2061,1322,528,-120,-525,-703,-714,-574,-375,-163,43,192,340,407,352,199,-67,-375,-694,-939,-1188,-1241,-1224,-1208,-1238,-1299,-1344,-1411,-1443,-1507,-1613,-1818,-2061,-2291,-2563,-2811,-3043,-3268,-3424,-1836,-1836,-1836,-1836,-1836,-1836,-1836,-1836,-1836,-1836,-1836,-1836,-1836,-1836,-1836,-1836
M,2089,8903,7644,6879,6261,5833,5494,5187,4936,4753,4547,4415,4259,4156,4172,4519,5448,6788,8482,9445,10537,11304,11683,11889,12117,12228,12386,12315,12199,12061,11970,11704,11111,10348,9543,8755,7812,6612,5404,4356,3514,2953,2579,2498,2608,2681,2528,2054,1315,519,-131,-536,-709,-723,-584,-384,-169,36,189,334,404,346,194,-74,-384,-703,-949,-1129,-1258,-1237,-1220,-1246,-1305,-1350,-1414,-1450,-1513,-1618,-1817,-2056,-2282,-2538,-2810,-3050,-3273,-3420,-1827,-1827,-1827,-1827,-1827,-1827,-1827,-1827,-1827,-1827,-1827,-1827,-1827,-1827,-1827,-1827
M,2090,8898,7642,6878,6259,5831,5490,5185,4930,4746,4541,4409,4254,4149,4165,4514,5443,6781,8479,9440,10533,11305,11680,11885,12112,12222,12381,12307,12190,12052,11958,11695,11106,10342,9536,8748,7804,6603,5395,4347,3505,2947,2570,2493,2601,2674,2520,2046,1305,510,-140,-543,-720,-732,-590,-393,-176,31,183,328,399,344,189,-80,-392,-713,-960,-1140,-1199,-1255,-1231,-1259,-1313,-1356,-1422,-1454,-1520,-1622,-1822,-2055,-2280,-2529,-2783,-3048,-3280,-3424,-1819,-1819,-1819,-1819,-1819,-1819,-1819,-1819,-1819,-1819,-1819,-1819,-1819,-1819,-1819,-1819
M,2091,8892,7640,6879,6257,5830,5487,5180,4926,4741,4535,4403,4247,4143,4156,4504,5435,6775,8475,9437,10528,11298,11679,11877,12105,12214,12369,12293,12180,12043,11952,11684,11094,10334,9530,8740,7795,6595,5384,4338,3496,2938,2561,2487,2598,2669,2516,2039,1298,501,-150,-554,-728,-738,-600,-398,-182,25,178,323,396,338,182,-88,-401,-723,-969,-1151,-1209,-1198,-1248,-1269,-1325,-1363,-1428,-1461,-1525,-1630,-1826,-2059,-2279,-2524,-2773,-3021,-3281,-3434,-1813,-1813,-1813,-1813,-1813,-1813,-1813,-1813,-1813,-1813,-1813,-1813,-1813,-1813,-1813,-1813
M,2092,8886,7634,6876,6255,5827,5484,5176,4920,4732,4527,4396,4237,4135,4149,4499,5428,6768,8469,9431,10523,11293,11671,11873,12099,12204,12361,12282,12168,12030,11940,11675,11082,10322,9521,8732,7785,6585,5376,4326,3485,2929,2553,2478,2589,2662,2508,2031,1290,494,-157,-563,-738,-747,-607,-405,-190,17,171,318,392,333,178,-94,-409,-732,-980,-1161,-1219,-1210,-1196,-1283,-1335,-1375,-1434,-1467,-1533,-1636,-1834,-2065,-2283,-2522,-2772,-3013,-3250,-3436,-1810,-1810,-1810,-1810,-1810,-1810,-1810,-1810,-1810,-1810,-1810,-1810,-1810,-1810,-1810,-1810
M,2093,8877,7630,6871,6250,5823,5481,5172,4914,4726,4519,4388,4228,4127,4142,4488,5419,6760,8459,9427,10516,11284,11667,11867,12091,12193,12348,12269,12156,12018,11928,11661,11071,10311,9508,8721,7776,6575,5365,4316,3476,2918,2547,2468,2581,2654,2497,2027,1283,486,-166,-574,-748,-759,-615,-411,-197,10,166,314,388,330,175,-101,-417,-743,-991,-1170,-1232,-1221,-1206,-1237,-1351,-1386,-1444,-1474,-1536,-1643,-1842,-2076,-2289,-2530,-2771,-3011,-3242,-3406,-1808,-1808,-1808,-1808,-1808,-1808,-1808,-1808,-1808,-1808,-1808,-1808,-1808,-1808,-1808,-1808
M,2094,8870,7627,6871,6249,5819,5477,5164,4905,4718,4513,4382,4224,4120,4132,4479,5412,6753,8453,9418,10507,11278,11655,11859,12081,12181,12332,12254,12142,12003,11914,11647,11060,10300,9497,8710,7765,6565,5356,4307,3468,2911,2538,2462,2576,2646,2492,2020,1274,475,-177,-582,-758,-768,-624,-420,-202,5,160,309,383,325,170,-106,-423,-753,-1002,-1183,-1241,-1231,-1217,-1249,-1309,-1402,-1455,-1484,-1545,-1649,-1849,-2082,-2302,-2536,-2778,-3011,-3243,-3397,-1805,-1805,-1805,-1805,-1805,-1805,-1805,-1805,-1805,-1805,-1805,-1805,-1805,-1805,-1805,-1805
M,2095,8860,7619,6866,6245,5817,5473,5159,4900,4710,4505,4370,4213,4108,4125,4471,5402,6742,8445,9410,10500,11271,11649,11851,12070,12168,12318,12241,12125,11987,11898,11630,11047,10284,9486,8697,7753,6553,5345,4296,3455,2899,2531,2455,2568,2640,2482,2011,1267,465,-186,-592,-767,-773,-636,-426,-207,-2,156,305,379,322,163,-113,-430,-760,-1011,-1194,-1250,-1242,-1225,-1258,-1319,-1359,-1469,-1496,-1555,-1657,-1856,-2092,-2308,-2547,-2786,-3019,-3241,-3398,-1803,-1803,-1803,-1803,-1803,-1803,-1803,-1803,-1803,-1803,-1803,-1803,-1803,-1803,-1803,-1803
M,2096,8851,7613,6860,6243,5810,5467,5154,4893,4701,4493,4362,4206,4100,4114,4460,5392,6733,8433,9403,10490,11259,11640,11838,12059,12155,12303,12222,12109,11972,11881,11614,11033,10273,9476,8685,7741,6541,5334,4287,3446,2888,2521,2448,2559,2633,2477,2003,1259,457,-195,-602,-774,-782,-642,-435,-214,-6,151,299,374,317,160,-118,-440,-769,-1023,-1205,-1260,-1253,-1237,-1268,-1329,-1371,-1431,-1510,-1565,-1669,-1865,-2101,-2317,-2556,-2798,-3029,-3252,-3399,-1802,-1802,-1802,-1802,-1802,-1802,-1802,-1802,-1802,-1802,-1802,-1802,-1802,-1802,-1802,-1802
M,2097,8839,7608,6854,6236,5804,5460,5145,4884,4694,4484,4351,4197,4091,4105,4451,5384,6723,8425,9390,10478,11248,11628,11827,12045,12137,12286,12204,12089,11954,11864,11597,11017,10260,9461,8676,7725,6530,5323,4277,3435,2878,2512,2440,2551,2623,2468,1995,1250,448,-205,-611,-784,-790,-649,-442,-220,-12,143,292,369,313,155,-124,-446,-778,-1031,-1214,-1271,-1263,-1246,-1278,-1339,-1382,-1441,-1472,-1582,-1680,-1876,-2110,-2326,-2568,-2808,-3041,-3263,-3412,-1802,-1802,-1802,-1802,-1802,-1802,-1802,-1802,-1802,-1802,-1802,-1802,-1802,-1802,-1802,-1802
M,2098,8828,7598,6850,6231,5799,5453,5138,4875,4684,4474,4344,4186,4080,4096,4440,5371,6713,8415,9381,10469,11236,11614,11813,12033,12123,12268,12187,12072,11936,11845,11580,10999,10244,9446,8657,7713,6516,5312,4264,3423,2867,2501,2431,2544,2617,2459,1987,1242,441,-212,-621,-793,-798,-657,-449,-227,-16,139,290,366,311,150,-129,-454,-785,-1038,-1224,-1282,-1272,-1257,-1289,-1349,-1392,-1450,-1482,-1543,-1696,-1889,-2121,-2336,-2577,-2820,-3052,-3278,-3422,-1803,-1803,-1803,-1803,-1803,-1803,-1803,-1803,-1803,-1803,-1803,-1803,-1803,-1803,-1803,-1803
M,2099,8815,7589,6842,6226,5791,5446,5132,4865,4673,4463,4333,4177,4073,4083,4430,5364,6701,8403,9366,10456,11223,11601,11800,12017,12106,12247,12167,12053,11916,11827,11560,10981,10228,9430,8646,7698,6502,5300,4254,3413,2857,2492,2423,2534,2607,2452,1980,1235,433,-220,-630,-800,-807,-663,-455,-234,-24,134,286,359,303,143,-135,-461,-795,-1050,-1233,-1293,-1281,-1266,-1298,-1358,-1401,-1459,-1493,-1553,-1656,-1904,-2136,-2349,-2588,-2830,-3066,-3291,-3439,-1806,-1806,-1806,-1806,-1806,-1806,-1806,-1806,-1806,-1806,-1806,-1806,-1806,-1806,-1806,-1806
M,2100,8803,7579,6834,6220,5781,5439,5122,4859,4663,4453,4321,4168,4061,4074,4419,5351,6691,8389,9354,10443,11210,11587,11786,12001,12088,12225,12146,12031,11893,11806,11540,10963,10213,9413,8630,7686,6488,5288,4240,3401,2847,2482,2413,2529,2602,2443,1971,1225,424,-230,-637,-807,-813,-669,-461,-241,-29,131,282,357,298,139,-142,-469,-803,-1058,-1240,-1302,-1292,-1276,-1308,-1368,-1411,-1471,-1503,-1562,-1668,-1863,-2153,-2364,-2604,-2842,-3077,-3305,-3452,-1809,-1809,-1809,-1809,-1809,-1809,-1809,-1809,-1809,-1809,-1809,-1809,-1809,-1809,-1809,-1809
F,2023,6925,4031,3717,3585,3490,3433,3310,3198,3192,3399,3273,3296,3136,3197,3488,4074,5028,6087,6110,6739,7202,7362,7395,8108,9377,9874,10401,10245,9583,8796,7716,6745,5792,5411,4921,4452,3852,2864,2390,1905,1350,1050,899,722,856,604,227,-168,-712,-1024,-1321,-1359,-1229,-686,-184,74,399,361,145,124,105,60,-212,-364,-467,-460,-354,-243,-125,56,49,143,-50,-205,-16,3,-185,17,-86,-173,-286,-389,-564,-753,-861,-500,-500,-500,-500,-500,-500,-500,-500,-500,-500,-500,-500,-500,-500,-500,-500
F,2024,6969,5734,3641,3603,3525,3507,3394,3266,3272,3440,3338,3285,3182,3259,3567,4183,5101,6179,6223,7009,7389,7623,7792,8333,9331,10201,10523,10534,9891,9058,8092,7052,6275,5507,5155,4562,3925,3173,2545,1954,1640,1210,936,821,718,672,216,-191,-632,-1103,-1256,-1292,-1066,-844,-307,47,269,393,304,120,-10,5,-216,-478,-513,-632,-522,-359,-120,-115,38,-8,38,-150,-271,-115,-75,-265,-83,-263,-368,-537,-624,-754,-904,-512,-512,-512,-512,-512,-512,-512,-512,-512,-512,-512,-512,-512,-512,-512,-512
F,2025,7017,5770,5087,3544,3538,3535,3450,3340,3329,3488,3307,3344,3161,3301,3621,4303,5237,6315,6302,7179,7682,7812,8057,8681,9540,10138,10776,10687,10172,9342,8374,7379,6533,5941,5210,4788,4009,3268,2789,2119,1682,1468,1091,859,809,544,285,-185,-652,-1014,-1323,-1225,-994,-688,-459,-57,278,326,347,284,32,-147,-242,-487,-640,-615,-642,-505,-267,-83,-124,-2,-174,-58,-237,-317,-178,-196,-372,-248,-466,-607,-776,-819,-939,-525,-525,-525,-525,-525,-525,-525,-525,-525,-525,-525,-525,-525,-525,-525,-525
F,2026,7070,5817,5132,4762,3503,3572,3497,3414,3404,3554,3422,3328,3256,3326,3716,4411,5420,6505,6519,7294,7900,8163,8268,9014,9872,10372,10759,10913,10338,9644,8626,7707,6885,6209,5599,4871,4244,3387,2913,2387,1878,1551,1345,1051,866,660,204,-112,-619,-1000,-1213,-1259,-911,-583,-283,-182,190,345,337,333,210,-30,-408,-487,-640,-756,-623,-578,-375,-208,-89,-136,-130,-264,-149,-278,-341,-272,-294,-526,-432,-705,-828,-967,-1000,-539,-539,-539,-539,-539,-539,-539,-539,-539,-539,-539,-539,-539,-539,-539,-539
F,2027,7124,5867,5176,4805,4505,3558,3533,3459,3476,3623,3476,3459,3259,3417,3775,4523,5559,6721,6747,7519,8015,8356,8619,9189,10178,10674,10972,10910,10569,9770,8927,7945,7166,6529,5878,5176,4368,3554,3046,2485,2123,1750,1434,1271,1042,722,318,-189,-565,-974,-1207,-1153,-932,-494,-167,-6,91,238,334,325,240,105,-284,-668,-694,-737,-779,-587,-459,-318,-215,-121,-272,-230,-330,-233,-321,-427,-375,-479,-722,-670,-933,-1022,-1160,-559,-559,-559,-559,-559,-559,-559,-559,-559,-559,-559,-559,-559,-559,-559,-559
F,2028,7175,5911,5221,4846,4541,4357,3528,3495,3542,3670,3540,3496,3353,3423,3839,4604,5674,6876,6967,7763,8199,8475,8729,9490,10327,10922,11223,11129,10525,9987,9036,8184,7406,6776,6148,5453,4593,3697,3165,2635,2196,1949,1628,1354,1231,871,376,-81,-657,-941,-1182,-1166,-844,-532,-94,88,248,180,205,322,231,126,-196,-562,-849,-856,-745,-728,-480,-390,-334,-260,-262,-374,-351,-393,-311,-423,-506,-546,-698,-974,-904,-1117,-1206,-587,-587,-587,-587,-587,-587,-587,-587,-587,-587,-587,-587,-587,-587,-587,-587
F,2029,7228,5964,5267,4887,4582,4391,4167,3497,3564,3799,3505,3530,3395,3479,3860,4666,5780,7018,7148,8003,8447,8628,8867,9586,10577,11114,11446,11340,10761,9938,9170,8284,7579,6979,6354,5680,4870,3898,3306,2724,2353,2037,1788,1543,1315,1048,517,-25,-535,-1023,-1136,-1120,-853,-442,-120,162,327,306,196,195,192,112,-172,-498,-754,-965,-877,-700,-590,-403,-378,-327,-399,-375,-460,-449,-434,-416,-499,-652,-740,-960,-1228,-1107,-1294,-613,-613,-613,-613,-613,-613,-613,-613,-613,-613,-613,-613,-613,-613,-613,-613
F,2030,7280,6011,5313,4929,4619,4427,4199,4002,3568,3840,3607,3530,3417,3537,3920,4712,5847,7135,7280,8184,8677,8865,8994,9713,10676,11312,11663,11547,10962,10137,9144,8364,7642,7108,6546,5841,5061,4148,3498,2869,2405,2166,1869,1669,1477,1127,677,95,-508,-917,-1240,-1096,-818,-460,-57,136,378,368,258,157,67,26,-232,-486,-736,-915,-993,-832,-582,-492,-419,-385,-440,-499,-497,-544,-500,-516,-515,-643,-837,-1017,-1242,-1471,-1308,-642,-642,-642,-642,-642,-642,-642,-642,-642,-642,-642,-642,-642,-642,-642,-642
F,2031,7333,6058,5357,4970,4650,4459,4228,4035,3943,3878,3605,3580,3437,3556,3958,4764,5900,7203,7387,8293,8816,9040,9207,9817,10784,11404,11835,11748,11176,10372,9306,8369,7727,7179,6639,6017,5203,4317,3710,3026,2547,2174,1952,1729,1569,1242,743,244,-407,-922,-1169,-1218,-827,-445,-100,164,333,374,290,179,-32,-138,-351,-603,-748,-936,-994,-957,-726,-542,-494,-480,-517,-555,-601,-602,-607,-594,-603,-695,-848,-1104,-1308,-1499,-1720,-674,-674,-674,-674,-674,-674,-674,-674,-674,-674,-674,-674,-674,-674,-674,-674
F,2032,7384,6106,5401,5009,4689,4492,4256,4062,3972,3991,3628,3597,3464,3585,3987,4797,5946,7252,7456,8379,8919,9164,9346,10004,10895,11501,11920,11871,11307,10565,9561,8462,7731,7226,6703,6083,5333,4450,3849,3209,2667,2296,1940,1770,1608,1316,828,284,-268,-834,-1189,-1164,-951,-479,-103,98,322,304,260,167,-46,-266,-561,-758,-916,-990,-1041,-1018,-852,-713,-622,-581,-677,-668,-705,-718,-694,-721,-712,-798,-943,-1156,-1410,-1580,-1745,-734,-734,-734,-734,-734,-734,-734,-734,-734,-734,-734,-734,-734,-734,-734,-734
F,2033,7435,6152,5446,5050,4724,4525,4287,4093,3996,4015,3869,3605,3483,3608,4026,4846,6007,7333,7545,8495,9035,9300,9504,10163,11093,11654,12062,12018,11462,10705,9779,8756,7832,7275,6780,6185,5453,4609,4025,3383,2883,2441,2079,1797,1675,1388,932,399,-199,-660,-1072,-1150,-870,-556,-98,137,305,345,248,204,14,-209,-615,-894,-991,-1087,-1036,-990,-853,-742,-684,-625,-678,-740,-735,-749,-734,-750,-776,-856,-992,-1210,-1436,-1660,-1812,-783,-783,-783,-783,-783,-783,-783,-783,-783,-783,-783,-783,-783,-783,-783,-783
F,2034,7483,6196,5487,5089,4760,4557,4319,4121,4026,4040,3891,3809,3491,3628,4051,4887,6068,7410,7639,8595,9149,9416,9640,10318,11247,11850,12216,12155,11608,10852,9910,8964,8111,7367,6821,6255,5548,4722,4176,3555,3048,2638,2216,1924,1700,1446,997,503,-84,-595,-901,-1039,-855,-480,-164,139,340,326,287,192,53,-146,-560,-963,-1137,-1164,-1128,-985,-824,-735,-711,-684,-722,-747,-810,-782,-766,-790,-802,-917,-1055,-1267,-1499,-1691,-1901,-831,-831,-831,-831,-831,-831,-831,-831,-831,-831,-831,-831,-831,-831,-831,-831
F,2035,7531,6243,5530,5129,4795,4590,4344,4149,4053,4064,3917,3831,3670,3638,4073,4923,6122,7482,7730,8697,9252,9530,9756,10453,11403,12002,12406,12312,11743,10991,10050,9091,8309,7631,6909,6292,5611,4815,4284,3704,3211,2794,2401,2049,1818,1469,1051,566,19,-477,-839,-875,-748,-468,-96,83,342,363,272,232,41,-110,-494,-907,-1209,-1314,-1206,-1070,-820,-713,-708,-710,-783,-793,-819,-856,-797,-821,-843,-944,-1122,-1337,-1563,-1763,-1938,-881,-881,-881,-881,-881,-881,-881,-881,-881,-881,-881,-881,-881,-881,-881,-881
F,2036,7581,6287,5572,5167,4828,4618,4375,4173,4080,4088,3941,3854,3690,3798,4090,4953,6163,7550,7817,8799,9356,9629,9867,10569,11535,12159,12560,12501,11892,11115,10175,9216,8422,7812,7154,6371,5644,4870,4366,3807,3352,2948,2544,2218,1937,1584,1073,619,81,-375,-721,-815,-596,-369,-80,145,290,356,301,210,81,-128,-458,-844,-1157,-1390,-1350,-1142,-898,-707,-688,-711,-810,-852,-869,-866,-872,-851,-876,-986,-1154,-1413,-1646,-1838,-2020,-929,-929,-929,-929,-929,-929,-929,-929,-929,-929,-929,-929,-929,-929,-929,-929
F,2037,7631,6333,5612,5202,4861,4650,4400,4201,4102,4110,3959,3874,3713,3820,4245,4975,6203,7607,7895,8895,9457,9728,9966,10683,11654,12287,12714,12654,12074,11255,10295,9335,8540,7920,7329,6609,5721,4896,4418,3885,3450,3080,2683,2350,2097,1703,1184,638,132,-317,-623,-701,-539,-231,4,158,348,310,290,240,55,-86,-478,-807,-1093,-1335,-1420,-1273,-964,-774,-685,-694,-814,-883,-928,-918,-883,-922,-903,-1021,-1198,-1448,-1732,-1932,-2102,-978,-978,-978,-978,-978,-978,-978,-978,-978,-978,-978,-978,-978,-978,-978,-978
F,2038,7677,6375,5653,5243,4896,4681,4427,4228,4128,4132,3980,3895,3733,3840,4267,5138,6231,7661,7966,8981,9554,9827,10066,10785,11762,12411,12849,12803,12223,11434,10421,9443,8651,8032,7424,6768,5945,4965,4438,3935,3522,3171,2801,2479,2218,1856,1305,753,145,-268,-562,-604,-432,-177,130,235,358,361,245,231,85,-111,-433,-833,-1061,-1276,-1370,-1338,-1080,-834,-746,-692,-802,-893,-968,-978,-935,-935,-975,-1048,-1236,-1501,-1772,-2033,-2206,-1028,-1028,-1028,-1028,-1028,-1028,-1028,-1028,-1028,-1028,-1028,-1028,-1028,-1028,-1028,-1028
F,2039,7723,6418,5693,5276,4928,4710,4454,4250,4154,4153,4001,3912,3749,3856,4291,5170,6417,7698,8025,9050,9640,9922,10163,10883,11864,12524,12967,12934,12373,11572,10589,9561,8748,8130,7525,6858,6097,5188,4502,3952,3565,3236,2884,2589,2335,1970,1460,877,263,-254,-519,-548,-343,-79,181,348,426,367,292,182,74,-81,-464,-789,-1087,-1245,-1316,-1293,-1136,-936,-801,-750,-801,-880,-978,-1015,-994,-983,-986,-1121,-1266,-1540,-1831,-2081,-2321,-1080,-1080,-1080,-1080,-1080,-1080,-1080,-1080,-1080,-1080,-1080,-1080,-1080,-1080,-1080,-1080
F,2040,7765,6459,5729,5314,4962,4740,4482,4275,4178,4176,4022,3935,3770,3876,4311,5200,6452,7909,8070,9116,9714,10008,10259,10981,11968,12632,13079,13048,12500,11707,10717,9719,8858,8218,7615,6956,6182,5335,4716,4011,3578,3279,2943,2662,2434,2084,1574,1034,389,-131,-509,-503,-290,2,269,390,525,432,297,227,25,-92,-432,-824,-1048,-1274,-1285,-1243,-1098,-985,-892,-800,-856,-885,-967,-1030,-1032,-1041,-1033,-1132,-1344,-1572,-1879,-2148,-2373,-1134,-1134,-1134,-1134,-1134,-1134,-1134,-1134,-1134,-1134,-1134,-1134,-1134,-1134,-1134,-1134
F,2041,7808,6496,5767,5347,4983,4757,4497,4291,4194,4185,4035,3945,3779,3883,4323,5221,6485,7949,8304,9159,9774,10069,10335,11071,12058,12723,13172,13150,12603,11814,10835,9829,8991,8310,7692,7026,6258,5403,4850,4214,3627,3276,2971,2710,2494,2169,1680,1143,545,-8,-391,-498,-254,48,339,466,559,518,352,224,70,-151,-446,-795,-1085,-1237,-1318,-1218,-1055,-953,-936,-888,-907,-943,-977,-1024,-1048,-1081,-1091,-1181,-1357,-1663,-1917,-2205,-2452,-1186,-1186,-1186,-1186,-1186,-1186,-1186,-1186,-1186,-1186,-1186,-1186,-1186,-1186,-1186,-1186
F,2042,7847,6531,5801,5371,5005,4780,4511,4309,4209,4192,4039,3952,3790,3890,4335,5242,6512,7995,8353,9412,9817,10130,10401,11154,12147,12815,13266,13242,12699,11904,10932,9929,9092,8439,7768,7091,6327,5479,4912,4343,3822,3318,2966,2735,2532,2226,1770,1251,660,155,-267,-389,-250,79,381,531,628,550,435,276,70,-105,-515,-809,-1055,-1275,-1287,-1249,-1038,-914,-909,-932,-996,-991,-1037,-1033,-1043,-1096,-1129,-1241,-1409,-1673,-2017,-2250,-2516,-1238,-1238,-1238,-1238,-1238,-1238,-1238,-1238,-1238,-1238,-1238,-1238,-1238,-1238,-1238,-1238
F,2043,7889,6568,5834,5402,5025,4796,4528,4322,4226,4200,4050,3960,3798,3899,4339,5263,6541,8036,8403,9472,10072,10170,10462,11220,12231,12901,13359,13332,12785,11989,11012,10019,9192,8532,7887,7161,6387,5549,4979,4404,3944,3498,2997,2730,2556,2266,1828,1339,768,272,-106,-265,-141,85,412,570,685,611,463,357,125,-108,-462,-885,-1068,-1250,-1328,-1220,-1064,-895,-873,-911,-1042,-1077,-1086,-1089,-1055,-1091,-1143,-1277,-1477,-1731,-2034,-2370,-2568,-1288,-1288,-1288,-1288,-1288,-1288,-1288,-1288,-1288,-1288,-1288,-1288,-1288,-1288,-1288,-1288
F,2044,7926,6601,5866,5431,5049,4819,4542,4340,4239,4207,4058,3972,3806,3910,4348,5284,6570,8075,8453,9531,10131,10422,10503,11282,12300,12984,13448,13423,12871,12070,11087,10091,9272,8623,7973,7267,6455,5604,5038,4475,4002,3615,3165,2765,2548,2282,1867,1394,857,384,10,-111,-35,183,420,601,714,660,520,386,212,-49,-463,-827,-1151,-1263,-1303,-1263,-1041,-920,-861,-881,-1022,-1124,-1170,-1141,-1112,-1100,-1136,-1290,-1514,-1807,-2098,-2387,-2700,-1336,-1336,-1336,-1336,-1336,-1336,-1336,-1336,-1336,-1336,-1336,-1336,-1336,-1336,-1336,-1336
F,2045,7965,6636,5896,5458,5075,4837,4557,4354,4252,4217,4067,3976,3816,3913,4361,5301,6596,8117,8501,9585,10184,10475,10739,11336,12364,13058,13531,13509,12958,12147,11155,10165,9340,8699,8057,7344,6556,5670,5085,4530,4062,3663,3268,2918,2573,2274,1887,1436,910,472,119,1,108,282,505,609,738,691,570,443,238,45,-396,-828,-1095,-1349,-1320,-1240,-1078,-901,-883,-869,-996,-1106,-1220,-1225,-1162,-1156,-1149,-1283,-1525,-1845,-2186,-2462,-2719,-1388,-1388,-1388,-1388,-1388,-1388,-1388,-1388,-1388,-1388,-1388,-1388,-1388,-1388,-1388,-1388
F,2046,8000,6669,5930,5486,5094,4851,4567,4366,4263,4222,4076,3983,3825,3923,4371,5318,6623,8151,8546,9636,10241,10525,10795,11552,12417,13124,13603,13587,13043,12220,11224,10220,9402,8765,8130,7417,6626,5766,5146,4577,4113,3720,3314,3009,2714,2295,1881,1452,946,531,206,108,212,411,594,688,748,714,598,491,302,77,-291,-755,-1095,-1294,-1399,-1259,-1064,-937,-864,-895,-984,-1082,-1202,-1272,-1247,-1202,-1201,-1290,-1518,-1860,-2232,-2563,-2804,-1435,-1435,-1435,-1435,-1435,-1435,-1435,-1435,-1435,-1435,-1435,-1435,-1435,-1435,-1435,-1435
F,2047,8035,6704,5962,5511,5114,4869,4581,4381,4275,4227,4085,3990,3833,3928,4380,5336,6649,8189,8590,9688,10294,10581,10851,11611,12617,13179,13670,13658,13117,12291,11286,10281,9458,8816,8179,7474,6695,5833,5235,4637,4161,3770,3360,3052,2803,2434,1905,1435,957,562,263,191,311,503,711,772,821,724,612,515,350,139,-259,-643,-1019,-1296,-1347,-1334,-1086,-925,-900,-884,-1010,-1076,-1183,-1258,-1294,-1288,-1254,-1348,-1526,-1851,-2246,-2616,-2918,-1482,-1482,-1482,-1482,-1482,-1482,-1482,-1482,-1482,-1482,-1482,-1482,-1482,-1482,-1482,-1482
F,2048,8068,6730,5993,5535,5135,4893,4593,4393,4291,4237,4092,4000,3841,3935,4390,5352,6674,8227,8636,9739,10343,10628,10904,11670,12678,13370,13725,13725,13180,12359,11349,10336,9511,8864,8232,7523,6752,5902,5293,4724,4214,3806,3401,3095,2836,2511,2045,1457,937,570,294,248,389,594,794,877,892,789,622,531,376,193,-187,-607,-906,-1221,-1354,-1295,-1157,-948,-891,-916,-998,-1099,-1177,-1236,-1280,-1333,-1335,-1400,-1590,-1858,-2236,-2630,-2981,-1531,-1531,-1531,-1531,-1531,-1531,-1531,-1531,-1531,-1531,-1531,-1531,-1531,-1531,-1531,-1531
F,2049,8099,6762,6023,5564,5155,4904,4610,4406,4304,4242,4102,4005,3848,3942,4396,5370,6697,8262,8676,9790,10396,10679,10957,11725,12736,13435,13912,13775,13242,12415,11410,10393,9562,8914,8274,7567,6795,5955,5352,4786,4298,3854,3433,3129,2873,2541,2123,1599,956,551,302,281,438,665,875,953,987,859,687,538,392,219,-128,-532,-868,-1108,-1286,-1304,-1122,-1010,-915,-913,-1030,-1089,-1205,-1233,-1265,-1320,-1380,-1486,-1646,-1934,-2247,-2621,-2998,-1579,-1579,-1579,-1579,-1579,-1579,-1579,-1579,-1579,-1579,-1579,-1579,-1579,-1579,-1579,-1579
F,2050,8131,6792,6049,5589,5170,4921,4622,4416,4311,4246,4106,4009,3853,3949,4402,5388,6723,8299,8720,9836,10441,10727,11008,11783,12796,13494,13974,13960,13287,12461,11452,10439,9614,8965,8313,7596,6830,5997,5394,4844,4349,3927,3473,3162,2904,2581,2156,1679,1098,568,278,290,467,710,940,1028,1058,948,758,602,401,239,-98,-467,-790,-1072,-1180,-1239,-1138,-983,-972,-934,-1025,-1120,-1194,-1259,-1260,-1299,-1367,-1533,-1736,-1994,-2331,-2632,-2988,-1623,-1623,-1623,-1623,-1623,-1623,-1623,-1623,-1623,-1623,-1623,-1623,-1623,-1623,-1623,-1623
F,2051,8159,6818,6075,5611,5187,4937,4632,4431,4325,4255,4113,4017,3860,3952,4410,5401,6741,8332,8757,9883,10487,10771,11058,11833,12851,13555,14032,14020,13471,12499,11495,10479,9655,9007,8355,7637,6860,6033,5430,4886,4403,3979,3540,3200,2930,2608,2192,1708,1181,718,293,265,473,737,983,1087,1122,1013,844,676,472,246,-78,-435,-727,-998,-1150,-1149,-1090,-997,-950,-988,-1048,-1111,-1222,-1249,-1285,-1297,-1348,-1518,-1789,-2097,-2406,-2730,-3002,-1661,-1661,-1661,-1661,-1661,-1661,-1661,-1661,-1661,-1661,-1661,-1661,-1661,-1661,-1661,-1661
F,2052,8190,6846,6101,5634,5206,4952,4645,4443,4335,4258,4121,4021,3866,3957,4419,5416,6764,8363,8799,9931,10536,10818,11106,11888,12907,13618,14091,14077,13527,12677,11523,10510,9692,9048,8398,7667,6894,6058,5455,4918,4440,4028,3583,3262,2962,2632,2223,1737,1208,799,440,279,453,744,1010,1125,1176,1072,904,764,549,317,-74,-411,-691,-934,-1081,-1124,-1014,-960,-966,-971,-1098,-1131,-1220,-1276,-1278,-1323,-1342,-1498,-1775,-2154,-2523,-2817,-3112,-1696,-1696,-1696,-1696,-1696,-1696,-1696,-1696,-1696,-1696,-1696,-1696,-1696,-1696,-1696,-1696
F,2053,8216,6873,6127,5661,5223,4969,4654,4454,4349,4265,4125,4029,3873,3960,4425,5431,6784,8395,8839,9972,10583,10858,11151,11936,12960,13670,14150,14134,13580,12723,11690,10533,9723,9073,8428,7700,6923,6087,5476,4942,4469,4060,3625,3300,3020,2664,2250,1767,1236,825,524,424,465,725,1017,1149,1209,1120,967,822,638,396,3,-411,-665,-902,-1020,-1062,-993,-895,-933,-987,-1083,-1181,-1235,-1272,-1307,-1315,-1368,-1490,-1753,-2135,-2586,-2952,-3208,-1734,-1734,-1734,-1734,-1734,-1734,-1734,-1734,-1734,-1734,-1734,-1734,-1734,-1734,-1734,-1734
F,2054,8243,6898,6149,5676,5240,4985,4665,4465,4357,4268,4130,4032,3881,3965,4429,5445,6805,8425,8874,10018,10622,10904,11192,11982,13010,13727,14210,14189,13635,12765,11731,10689,9743,9100,8455,7727,6951,6116,5497,4961,4491,4083,3652,3342,3057,2719,2280,1789,1261,857,546,503,598,739,1001,1157,1228,1152,1010,883,705,494,87,-333,-664,-878,-995,-1012,-947,-880,-880,-960,-1097,-1161,-1285,-1285,-1303,-1341,-1362,-1518,-1748,-2113,-2567,-3027,-3361,-1774,-1774,-1774,-1774,-1774,-1774,-1774,-1774,-1774,-1774,-1774,-1774,-1774,-1774,-1774,-1774
F,2055,8269,6919,6175,5698,5254,4998,4676,4475,4364,4271,4136,4037,3884,3969,4437,5457,6826,8456,8909,10060,10664,10945,11238,12032,13060,13781,14264,14244,13685,12809,11767,10724,9890,9117,8476,7745,6975,6141,5519,4982,4507,4106,3671,3369,3088,2753,2333,1819,1282,884,573,526,672,860,1016,1145,1234,1171,1041,926,767,563,193,-245,-585,-881,-973,-990,-903,-840,-870,-913,-1070,-1168,-1264,-1336,-1316,-1336,-1391,-1510,-1777,-2106,-2539,-3005,-3445,-1819,-1819,-1819,-1819,-1819,-1819,-1819,-1819,-1819,-1819,-1819,-1819,-1819,-1819,-1819,-1819
F,2056,8294,6943,6200,5719,5274,5009,4683,4482,4372,4274,4141,4042,3890,3972,4440,5470,6846,8484,8947,10101,10706,10982,11280,12074,13108,13833,14317,14297,13739,12855,11804,10753,9920,9255,8486,7759,6992,6164,5538,5001,4525,4115,3686,3386,3112,2785,2369,1874,1307,901,600,554,692,926,1123,1158,1222,1176,1060,958,814,629,269,-132,-497,-802,-976,-976,-888,-808,-833,-907,-1023,-1141,-1274,-1316,-1367,-1352,-1386,-1542,-1769,-2138,-2532,-2973,-3421,-1866,-1866,-1866,-1866,-1866,-1866,-1866,-1866,-1866,-1866,-1866,-1866,-1866,-1866,-1866,-1866
F,2057,8319,6966,6222,5740,5290,5023,4692,4491,4382,4277,4145,4050,3893,3976,4447,5482,6866,8513,8983,10141,10747,11024,11321,12120,13158,13885,14370,14349,13789,12894,11836,10784,9946,9278,8611,7769,7003,6178,5554,5020,4542,4132,3697,3402,3128,2807,2402,1907,1361,926,616,579,720,947,1184,1255,1233,1163,1064,973,849,679,342,-54,-381,-714,-901,-979,-882,-794,-807,-876,-1015,-1090,-1244,-1320,-1344,-1401,-1403,-1540,-1806,-2130,-2572,-2968,-3387,-1907,-1907,-1907,-1907,-1907,-1907,-1907,-1907,-1907,-1907,-1907,-1907,-1907,-1907,-1907,-1907
F,2058,8339,6988,6242,5759,5304,5036,4702,4499,4390,4283,4150,4052,3900,3978,4453,5493,6882,8540,9016,10179,10785,11060,11362,12163,13206,13933,14419,14397,13834,12935,11872,10810,9974,9301,8633,7886,7010,6186,5561,5037,4557,4144,3707,3414,3142,2821,2426,1940,1391,984,642,595,743,973,1204,1310,1321,1174,1052,976,865,712,397,23,-301,-601,-821,-912,-887,-792,-799,-853,-986,-1081,-1191,-1291,-1353,-1381,-1454,-1562,-1804,-2172,-2559,-3009,-3381,-1941,-1941,-1941,-1941,-1941,-1941,-1941,-1941,-1941,-1941,-1941,-1941,-1941,-1941,-1941,-1941
F,2059,8363,7011,6267,5777,5317,5048,4710,4506,4400,4285,4153,4054,3900,3980,4454,5502,6900,8566,9046,10221,10825,11099,11398,12203,13249,13982,14469,14447,13880,12972,11904,10838,9998,9324,8655,7901,7120,6188,5567,5042,4570,4156,3716,3423,3147,2831,2441,1960,1421,1015,698,618,757,995,1226,1327,1367,1256,1060,965,868,731,430,82,-222,-523,-715,-836,-828,-796,-797,-848,-964,-1049,-1180,-1237,-1320,-1391,-1436,-1612,-1828,-2173,-2607,-3000,-3429,-1970,-1970,-1970,-1970,-1970,-1970,-1970,-1970,-1970,-1970,-1970,-1970,-1970,-1970,-1970,-1970
F,2060,8384,7032,6286,5796,5333,5057,4719,4514,4405,4286,4156,4057,3904,3983,4461,5514,6918,8591,9079,10257,10863,11133,11435,12245,13290,14027,14517,14494,13927,13011,11934,10864,10023,9346,8673,7915,7131,6299,5559,5047,4572,4163,3727,3433,3155,2839,2454,1973,1441,1047,726,674,780,1010,1247,1350,1381,1301,1139,970,854,733,449,117,-161,-443,-638,-740,-761,-747,-801,-848,-955,-1024,-1150,-1227,-1271,-1361,-1447,-1597,-1885,-2202,-2607,-3056,-3418,-2000,-2000,-2000,-2000,-2000,-2000,-2000,-2000,-2000,-2000,-2000,-2000,-2000,-2000,-2000,-2000
F,2061,8402,7055,6309,5819,5350,5073,4735,4528,4420,4298,4167,4069,3913,3993,4471,5529,6941,8624,9117,10299,10905,11177,11479,12290,13340,14079,14573,14549,13977,13058,11976,10901,10054,9376,8700,7940,7151,6316,5671,5047,4581,4171,3738,3447,3169,2852,2464,1987,1453,1070,759,706,835,1033,1264,1370,1405,1318,1182,1052,862,719,453,139,-122,-382,-565,-670,-678,-686,-756,-852,-954,-1014,-1123,-1194,-1260,-1311,-1419,-1609,-1869,-2265,-2643,-3055,-3481,-2024,-2024,-2024,-2024,-2024,-2024,-2024,-2024,-2024,-2024,-2024,-2024,-2024,-2024,-2024,-2024
F,2062,8423,7075,6330,5839,5370,5089,4750,4543,4431,4307,4178,4079,3923,4002,4481,5547,6963,8652,9155,10341,10946,11216,11519,12334,13389,14131,14625,14605,14027,13101,12013,10936,10088,9404,8725,7963,7173,6335,5685,5155,4579,4179,3746,3457,3180,2863,2475,1994,1467,1080,781,736,865,1084,1288,1386,1426,1337,1197,1095,950,731,437,144,-102,-345,-506,-606,-617,-613,-705,-810,-957,-1011,-1113,-1167,-1227,-1299,-1373,-1582,-1885,-2247,-2714,-3095,-3480,-2050,-2050,-2050,-2050,-2050,-2050,-2050,-2050,-2050,-2050,-2050,-2050,-2050,-2050,-2050,-2050
F,2063,8443,7097,6353,5857,5388,5107,4764,4555,4441,4320,4189,4090,3934,4011,4493,5562,6987,8681,9194,10382,10988,11255,11560,12378,13436,14182,14677,14655,14076,13142,12051,10970,10116,9431,8749,7985,7191,6349,5698,5165,4683,4175,3749,3463,3190,2875,2486,2006,1470,1092,791,754,893,1113,1331,1408,1440,1355,1216,1110,995,822,446,126,-99,-321,-472,-556,-561,-563,-643,-764,-921,-1016,-1106,-1155,-1201,-1268,-1363,-1535,-1861,-2268,-2696,-3179,-3525,-2073,-2073,-2073,-2073,-2073,-2073,-2073,-2073,-2073,-2073,-2073,-2073,-2073,-2073,-2073,-2073
F,2064,8461,7119,6374,5878,5405,5122,4777,4567,4454,4331,4199,4099,3942,4020,4503,5577,7009,8709,9228,10419,11028,11293,11599,12421,13484,14230,14730,14705,14121,13188,12091,11000,10149,9457,8773,8005,7208,6366,5710,5174,4688,4275,3746,3463,3193,2881,2494,2014,1480,1095,802,763,911,1140,1359,1450,1458,1369,1231,1127,1007,870,547,136,-119,-321,-453,-523,-521,-516,-598,-706,-878,-980,-1112,-1147,-1190,-1241,-1334,-1530,-1812,-2241,-2720,-3159,-3618,-2096,-2096,-2096,-2096,-2096,-2096,-2096,-2096,-2096,-2096,-2096,-2096,-2096,-2096,-2096,-2096
F,2065,8480,7137,6394,5898,5423,5136,4791,4579,4465,4339,4207,4108,3950,4027,4512,5589,7029,8741,9265,10459,11064,11329,11636,12464,13527,14279,14778,14758,14171,13229,12126,11031,10172,9482,8795,8027,7230,6381,5722,5185,4696,4278,3836,3461,3196,2884,2502,2023,1485,1101,804,776,924,1159,1385,1473,1495,1386,1247,1144,1025,883,600,244,-109,-344,-453,-511,-496,-482,-558,-669,-823,-941,-1078,-1154,-1184,-1230,-1311,-1499,-1807,-2190,-2691,-3188,-3595,-2123,-2123,-2123,-2123,-2123,-2123,-2123,-2123,-2123,-2123,-2123,-2123,-2123,-2123,-2123,-2123
F,2066,8498,7155,6414,5914,5438,5150,4803,4588,4475,4349,4218,4115,3957,4034,4522,5603,7049,8767,9297,10494,11101,11366,11675,12505,13572,14327,14828,14806,14216,13266,12159,11064,10202,9507,8819,8049,7247,6395,5734,5193,4703,4284,3841,3543,3190,2881,2502,2027,1493,1106,809,779,932,1168,1403,1497,1519,1420,1262,1157,1040,903,615,302,1,-336,-475,-511,-484,-463,-530,-632,-786,-887,-1039,-1121,-1193,-1226,-1303,-1476,-1776,-2184,-2633,-3153,-3628,-2146,-2146,-2146,-2146,-2146,-2146,-2146,-2146,-2146,-2146,-2146,-2146,-2146,-2146,-2146,-2146
F,2067,8514,7176,6432,5934,5454,5164,4815,4601,4485,4358,4227,4122,3963,4042,4530,5617,7067,8794,9330,10530,11136,11400,11711,12545,13612,14372,14874,14854,14260,13304,12193,11094,10228,9531,8840,8070,7267,6410,5745,5199,4707,4287,3845,3544,3268,2875,2502,2024,1495,1111,813,783,935,1179,1412,1512,1537,1441,1296,1173,1052,918,637,319,59,-227,-468,-533,-486,-455,-514,-605,-752,-851,-987,-1085,-1158,-1233,-1299,-1468,-1755,-2155,-2627,-3087,-3590,-2168,-2168,-2168,-2168,-2168,-2168,-2168,-2168,-2168,-2168,-2168,-2168,-2168,-2168,-2168,-2168
F,2068,8529,7190,6451,5952,5471,5179,4827,4612,4494,4368,4235,4131,3970,4049,4537,5631,7086,8817,9365,10567,11171,11436,11748,12580,13654,14415,14922,14902,14304,13344,12227,11121,10254,9553,8859,8089,7280,6424,5754,5205,4712,4290,3846,3547,3269,2951,2495,2023,1492,1111,816,786,939,1182,1423,1522,1552,1460,1314,1205,1068,932,656,336,74,-169,-366,-528,-507,-458,-509,-591,-727,-819,-950,-1033,-1121,-1201,-1307,-1468,-1750,-2131,-2592,-3081,-3518,-2187,-2187,-2187,-2187,-2187,-2187,-2187,-2187,-2187,-2187,-2187,-2187,-2187,-2187,-2187,-2187
F,2069,8543,7207,6468,5970,5484,5194,4839,4621,4504,4375,4242,4137,3976,4056,4546,5639,7100,8842,9396,10601,11208,11470,11785,12618,13694,14460,14967,14946,14345,13379,12260,11150,10276,9576,8880,8106,7298,6439,5763,5215,4719,4293,3847,3549,3269,2952,2570,2012,1484,1102,814,789,946,1189,1427,1532,1558,1472,1332,1224,1104,947,666,357,96,-154,-313,-435,-506,-478,-513,-586,-715,-793,-917,-997,-1072,-1165,-1273,-1474,-1752,-2129,-2567,-3043,-3512,-2197,-2197,-2197,-2197,-2197,-2197,-2197,-2197,-2197,-2197,-2197,-2197,-2197,-2197,-2197,-2197
F,2070,8558,7223,6486,5985,5499,5205,4850,4629,4511,4384,4247,4141,3983,4062,4552,5652,7118,8867,9427,10634,11240,11504,11816,12655,13732,14499,15011,14987,14385,13414,12291,11177,10301,9598,8900,8123,7313,6450,5774,5223,4723,4294,3850,3551,3271,2953,2571,2091,1471,1092,807,792,949,1193,1433,1538,1569,1478,1343,1243,1123,984,683,367,114,-133,-299,-388,-426,-481,-533,-589,-711,-782,-890,-963,-1036,-1115,-1236,-1442,-1761,-2130,-2562,-3013,-3466,-2206,-2206,-2206,-2206,-2206,-2206,-2206,-2206,-2206,-2206,-2206,-2206,-2206,-2206,-2206,-2206
F,2071,8569,7239,6502,6002,5513,5218,4860,4640,4519,4392,4254,4148,3988,4066,4561,5663,7132,8891,9458,10668,11272,11535,11846,12685,13771,14542,15050,15027,14422,13448,12319,11203,10324,9618,8919,8138,7327,6462,5783,5230,4728,4298,3854,3553,3273,2951,2568,2089,1552,1075,797,782,949,1198,1438,1544,1574,1486,1352,1255,1145,1006,720,385,127,-118,-281,-378,-388,-412,-536,-609,-715,-777,-877,-939,-1004,-1081,-1189,-1402,-1725,-2139,-2566,-3009,-3436,-2209,-2209,-2209,-2209,-2209,-2209,-2209,-2209,-2209,-2209,-2209,-2209,-2209,-2209,-2209,-2209
F,2072,8581,7253,6516,6014,5528,5228,4869,4647,4526,4398,4261,4155,3992,4071,4566,5672,7150,8914,9486,10700,11305,11566,11877,12719,13806,14580,15090,15067,14460,13480,12349,11228,10346,9636,8934,8154,7339,6474,5793,5233,4732,4300,3854,3555,3272,2952,2566,2085,1547,1161,783,773,943,1199,1443,1549,1579,1490,1357,1261,1155,1025,742,426,143,-106,-267,-364,-381,-381,-477,-613,-734,-783,-872,-926,-979,-1050,-1156,-1352,-1684,-2100,-2578,-3014,-3432,-2209,-2209,-2209,-2209,-2209,-2209,-2209,-2209,-2209,-2209,-2209,-2209,-2209,-2209,-2209,-2209
F,2073,8591,7266,6531,6028,5541,5240,4878,4655,4534,4405,4267,4160,3998,4076,4574,5684,7166,8937,9513,10731,11333,11595,11906,12753,13841,14617,15130,15105,14496,13514,12376,11254,10369,9655,8953,8168,7356,6485,5799,5239,4736,4307,3856,3556,3272,2952,2563,2082,1542,1153,864,757,933,1196,1444,1555,1585,1494,1360,1268,1160,1035,764,447,185,-91,-260,-352,-371,-376,-449,-560,-739,-800,-878,-920,-965,-1026,-1125,-1322,-1630,-2054,-2532,-3027,-3438,-2209,-2209,-2209,-2209,-2209,-2209,-2209,-2209,-2209,-2209,-2209,-2209,-2209,-2209,-2209,-2209
F,2074,8601,7279,6547,6041,5553,5251,4886,4662,4541,4411,4272,4165,4002,4080,4580,5693,7182,8958,9540,10759,11364,11624,11935,12782,13874,14651,15170,15144,14532,13545,12402,11273,10386,9673,8969,8183,7369,6494,5806,5243,4739,4307,3858,3558,3272,2951,2560,2079,1536,1144,855,837,920,1189,1441,1557,1590,1499,1366,1271,1167,1040,776,467,208,-50,-244,-348,-361,-369,-449,-538,-688,-802,-896,-926,-961,-1013,-1101,-1291,-1595,-1997,-2479,-2975,-3453,-2210,-2210,-2210,-2210,-2210,-2210,-2210,-2210,-2210,-2210,-2210,-2210,-2210,-2210,-2210,-2210
F,2075,8607,7291,6559,6055,5565,5261,4895,4669,4547,4414,4276,4168,4006,4081,4583,5701,7196,8976,9568,10786,11392,11649,11961,12811,13906,14686,15205,15181,14562,13572,12428,11297,10406,9690,8985,8198,7381,6505,5811,5250,4741,4308,3861,3559,3274,2948,2556,2074,1528,1136,846,828,995,1178,1437,1555,1591,1503,1370,1277,1169,1048,780,480,230,-28,-206,-335,-356,-361,-445,-535,-663,-752,-896,-943,-965,-1010,-1090,-1268,-1563,-1957,-2413,-2916,-3396,-2212,-2212,-2212,-2212,-2212,-2212,-2212,-2212,-2212,-2212,-2212,-2212,-2212,-2212,-2212,-2212
F,2076,8617,7304,6573,6068,5575,5267,4903,4677,4551,4418,4280,4173,4010,4085,4591,5707,7210,8997,9595,10812,11418,11676,11989,12838,13938,14722,15240,15216,14594,13603,12449,11317,10424,9705,8996,8206,7391,6512,5819,5253,4744,4309,3859,3556,3272,2946,2555,2069,1521,1127,838,817,989,1248,1429,1550,1589,1504,1373,1280,1175,1050,786,485,242,-5,-186,-302,-347,-360,-442,-532,-661,-729,-846,-943,-981,-1015,-1087,-1258,-1541,-1922,-2369,-2839,-3329,-2210,-2210,-2210,-2210,-2210,-2210,-2210,-2210,-2210,-2210,-2210,-2210,-2210,-2210,-2210,-2210
F,2077,8622,7315,6586,6081,5583,5277,4907,4683,4558,4423,4284,4175,4011,4089,4595,5716,7223,9015,9616,10840,11445,11701,12013,12869,13969,14752,15275,15249,14625,13629,12473,11335,10440,9719,9010,8219,7400,6522,5825,5256,4746,4310,3857,3554,3270,2945,2552,2067,1514,1118,829,809,981,1242,1490,1543,1585,1502,1374,1284,1177,1053,787,490,246,4,-168,-287,-320,-355,-440,-531,-659,-728,-822,-892,-982,-1032,-1094,-1255,-1530,-1898,-2329,-2789,-3243,-2203,-2203,-2203,-2203,-2203,-2203,-2203,-2203,-2203,-2203,-2203,-2203,-2203,-2203,-2203,-2203
F,2078,8630,7326,6596,6092,5593,5286,4915,4687,4562,4427,4287,4179,4013,4091,4599,5724,7233,9033,9640,10867,11471,11721,12039,12893,13995,14783,15304,15280,14655,13655,12495,11353,10457,9733,9021,8227,7413,6530,5834,5262,4750,4309,3858,3553,3270,2943,2547,2060,1506,1109,818,801,973,1235,1488,1597,1578,1496,1372,1286,1180,1055,791,490,250,9,-159,-270,-308,-334,-437,-530,-657,-724,-820,-866,-934,-1035,-1109,-1261,-1528,-1886,-2302,-2744,-3187,-2191,-2191,-2191,-2191,-2191,-2191,-2191,-2191,-2191,-2191,-2191,-2191,-2191,-2191,-2191,-2191
F,2079,8635,7335,6607,6102,5603,5291,4922,4694,4566,4431,4288,4180,4016,4094,4602,5729,7247,9052,9660,10893,11494,11747,12059,12916,14020,14812,15336,15308,14681,13678,12517,11371,10471,9745,9033,8240,7420,6539,5838,5264,4749,4309,3859,3553,3265,2941,2545,2055,1502,1102,809,792,966,1231,1485,1594,1629,1490,1371,1280,1180,1057,792,492,251,12,-156,-263,-295,-324,-419,-529,-658,-721,-815,-864,-909,-987,-1112,-1281,-1536,-1885,-2289,-2712,-3135,-2175,-2175,-2175,-2175,-2175,-2175,-2175,-2175,-2175,-2175,-2175,-2175,-2175,-2175,-2175,-2175
F,2080,8642,7344,6619,6112,5611,5300,4928,4697,4570,4435,4293,4184,4014,4094,4606,5736,7256,9067,9684,10916,11516,11767,12081,12940,14044,14839,15366,15339,14709,13702,12536,11387,10487,9758,9045,8250,7428,6545,5843,5264,4751,4309,3859,3549,3264,2940,2544,2051,1495,1092,800,784,957,1224,1478,1590,1624,1537,1361,1278,1178,1056,793,494,251,10,-153,-261,-289,-314,-409,-511,-654,-721,-812,-858,-907,-964,-1068,-1286,-1555,-1896,-2287,-2699,-3101,-2158,-2158,-2158,-2158,-2158,-2158,-2158,-2158,-2158,-2158,-2158,-2158,-2158,-2158,-2158,-2158
F,2081,8645,7349,6629,6122,5619,5306,4935,4701,4573,4437,4296,4185,4015,4098,4607,5743,7267,9081,9703,10936,11539,11791,12104,12961,14071,14866,15394,15365,14733,13724,12554,11403,10500,9770,9057,8260,7437,6552,5846,5266,4749,4308,3852,3548,3264,2937,2540,2045,1487,1083,789,776,949,1217,1474,1587,1620,1533,1409,1268,1171,1053,792,494,253,11,-154,-260,-289,-313,-404,-505,-638,-717,-812,-857,-902,-960,-1045,-1238,-1562,-1920,-2299,-2696,-3085,-2139,-2139,-2139,-2139,-2139,-2139,-2139,-2139,-2139,-2139,-2139,-2139,-2139,-2139,-2139,-2139
F,2082,8649,7358,6638,6130,5626,5311,4940,4706,4577,4441,4298,4187,4017,4098,4610,5750,7275,9097,9722,10959,11559,11810,12125,12983,14091,14891,15417,15392,14758,13743,12572,11418,10511,9779,9065,8269,7445,6555,5850,5266,4750,4304,3852,3546,3262,2933,2536,2040,1481,1077,784,765,942,1211,1469,1585,1618,1529,1404,1316,1164,1047,785,494,252,9,-154,-263,-287,-313,-403,-499,-634,-704,-807,-855,-898,-959,-1046,-1217,-1510,-1926,-2329,-2711,-3086,-2120,-2120,-2120,-2120,-2120,-2120,-2120,-2120,-2120,-2120,-2120,-2120,-2120,-2120,-2120,-2120
F,2083,8651,7361,6647,6139,5633,5317,4944,4708,4577,4441,4299,4188,4017,4100,4611,5753,7288,9110,9742,10981,11581,11828,12142,13002,14117,14914,15444,15417,14780,13762,12587,11429,10524,9790,9074,8277,7449,6560,5853,5269,4751,4305,3850,3544,3258,2932,2533,2035,1475,1068,773,758,932,1204,1467,1582,1613,1527,1401,1311,1214,1037,779,486,249,9,-157,-263,-291,-314,-406,-499,-627,-697,-791,-852,-897,-955,-1041,-1218,-1490,-1871,-2338,-2744,-3100,-2104,-2104,-2104,-2104,-2104,-2104,-2104,-2104,-2104,-2104,-2104,-2104,-2104,-2104,-2104,-2104
F,2084,8653,7367,6655,6146,5639,5321,4948,4713,4581,4443,4301,4188,4018,4097,4612,5758,7294,9123,9760,11001,11601,11844,12159,13019,14136,14932,15466,15440,14801,13778,12602,11443,10533,9799,9082,8284,7456,6565,5856,5268,4750,4305,3848,3542,3255,2929,2529,2031,1468,1058,764,748,925,1199,1464,1577,1610,1522,1396,1306,1208,1089,767,478,241,5,-159,-265,-294,-317,-406,-503,-626,-691,-788,-838,-894,-955,-1038,-1215,-1491,-1845,-2273,-2755,-3139,-2091,-2091,-2091,-2091,-2091,-2091,-2091,-2091,-2091,-2091,-2091,-2091,-2091,-2091,-2091,-2091
F,2085,8655,7375,6661,6153,5645,5326,4948,4715,4582,4443,4302,4189,4018,4098,4612,5761,7300,9137,9777,11021,11620,11862,12177,13035,14154,14953,15490,15462,14820,13796,12614,11454,10542,9807,9088,8291,7461,6569,5856,5269,4748,4303,3847,3540,3251,2924,2525,2024,1459,1050,755,740,918,1192,1458,1572,1606,1518,1390,1304,1203,1087,824,464,232,-3,-163,-265,-298,-321,-412,-504,-632,-692,-785,-829,-880,-952,-1038,-1214,-1489,-1849,-2245,-2682,-3151,-2083,-2083,-2083,-2083,-2083,-2083,-2083,-2083,-2083,-2083,-2083,-2083,-2083,-2083,-2083,-2083
F,2086,8656,7377,6670,6161,5652,5331,4953,4718,4583,4445,4300,4188,4016,4098,4613,5764,7310,9149,9795,11039,11635,11877,12189,13055,14171,14976,15509,15483,14839,13812,12628,11467,10550,9813,9095,8296,7467,6571,5858,5270,4746,4300,3844,3536,3250,2921,2520,2019,1451,1042,747,732,912,1185,1454,1568,1602,1515,1388,1298,1198,1079,817,524,218,-12,-172,-269,-301,-325,-416,-512,-636,-693,-782,-825,-875,-938,-1038,-1216,-1488,-1847,-2250,-2652,-3067,-2077,-2077,-2077,-2077,-2077,-2077,-2077,-2077,-2077,-2077,-2077,-2077,-2077,-2077,-2077,-2077
F,2087,8655,7382,6676,6166,5655,5335,4956,4719,4584,4445,4300,4187,4017,4096,4613,5768,7319,9163,9812,11056,11651,11894,12205,13070,14188,14994,15527,15505,14858,13826,12639,11477,10559,9820,9103,8301,7473,6576,5858,5269,4744,4300,3840,3531,3246,2916,2516,2015,1445,1030,739,721,904,1179,1448,1564,1598,1510,1381,1290,1194,1072,809,515,280,-28,-183,-278,-305,-328,-421,-516,-641,-695,-785,-823,-868,-932,-1024,-1213,-1490,-1846,-2250,-2655,-3035,-2068,-2068,-2068,-2068,-2068,-2068,-2068,-2068,-2068,-2068,-2068,-2068,-2068,-2068,-2068,-2068
F,2088,8654,7385,6682,6172,5660,5338,4957,4721,4586,4445,4300,4186,4015,4096,4614,5769,7325,9174,9826,11072,11666,11907,12216,13083,14205,15011,15548,15521,14874,13842,12653,11486,10563,9827,9107,8306,7478,6578,5860,5267,4743,4295,3837,3531,3242,2911,2512,2008,1438,1022,730,714,900,1174,1443,1561,1594,1507,1375,1286,1187,1066,803,508,272,33,-199,-287,-314,-336,-426,-522,-647,-701,-788,-826,-868,-928,-1018,-1200,-1491,-1850,-2247,-2657,-3039,-2057,-2057,-2057,-2057,-2057,-2057,-2057,-2057,-2057,-2057,-2057,-2057,-2057,-2057,-2057,-2057
F,2089,8652,7389,6687,6177,5664,5340,4958,4721,4586,4444,4300,4184,4014,4093,4614,5772,7331,9184,9841,11087,11683,11924,12231,13098,14220,15031,15566,15539,14890,13854,12662,11494,10571,9832,9111,8310,7481,6582,5860,5268,4739,4293,3835,3528,3237,2908,2508,2002,1430,1016,720,702,890,1169,1438,1557,1592,1502,1373,1280,1183,1059,795,501,262,22,-140,-301,-326,-346,-432,-525,-651,-705,-792,-828,-870,-927,-1015,-1196,-1473,-1850,-2251,-2655,-3039,-2049,-2049,-2049,-2049,-2049,-2049,-2049,-2049,-2049,-2049,-2049,-2049,-2049,-2049,-2049,-2049
F,2090,8649,7392,6694,6184,5670,5344,4957,4721,4587,4445,4298,4182,4012,4093,4613,5774,7337,9193,9856,11102,11693,11936,12244,13110,14234,15044,15580,15556,14903,13869,12672,11500,10575,9839,9115,8313,7483,6584,5862,5266,4735,4290,3829,3524,3235,2906,2504,1999,1423,1009,709,696,884,1161,1434,1554,1586,1498,1367,1276,1178,1054,790,493,254,13,-151,-251,-339,-356,-440,-532,-656,-709,-797,-834,-873,-928,-1014,-1191,-1470,-1833,-2252,-2661,-3040,-2042,-2042,-2042,-2042,-2042,-2042,-2042,-2042,-2042,-2042,-2042,-2042,-2042,-2042,-2042,-2042
F,2091,8648,7393,6695,6190,5673,5346,4961,4721,4587,4444,4297,4181,4010,4089,4614,5776,7340,9202,9866,11117,11708,11945,12256,13123,14247,15060,15598,15570,14917,13875,12683,11508,10580,9841,9116,8317,7485,6587,5861,5264,4732,4289,3825,3519,3232,2899,2500,1992,1418,998,701,687,875,1158,1428,1547,1581,1492,1363,1271,1173,1050,783,485,247,4,-161,-262,-292,-370,-452,-541,-662,-714,-802,-839,-878,-931,-1018,-1190,-1468,-1829,-2233,-2660,-3044,-2036,-2036,-2036,-2036,-2036,-2036,-2036,-2036,-2036,-2036,-2036,-2036,-2036,-2036,-2036,-2036
F,2092,8646,7397,6700,6195,5676,5348,4962,4723,4587,4444,4296,4180,4009,4087,4610,5776,7344,9209,9881,11130,11721,11958,12265,13134,14259,15071,15611,15583,14927,13885,12687,11516,10588,9846,9120,8320,7489,6587,5861,5263,4730,4285,3824,3518,3227,2896,2496,1986,1410,989,691,679,868,1151,1423,1543,1580,1488,1360,1266,1169,1043,776,478,237,-3,-170,-269,-301,-331,-467,-552,-671,-718,-805,-842,-881,-937,-1022,-1197,-1469,-1825,-2228,-2641,-3045,-2032,-2032,-2032,-2032,-2032,-2032,-2032,-2032,-2032,-2032,-2032,-2032,-2032,-2032,-2032,-2032
F,2093,8645,7398,6706,6201,5678,5348,4962,4723,4585,4441,4294,4180,4007,4085,4612,5777,7348,9222,9888,11146,11732,11967,12273,13143,14271,15085,15625,15597,14939,13894,12695,11521,10592,9850,9123,8323,7490,6590,5863,5260,4728,4282,3825,3515,3223,2894,2488,1981,1402,980,685,672,863,1146,1418,1540,1575,1484,1355,1262,1164,1036,769,472,228,-10,-179,-278,-311,-342,-432,-564,-681,-728,-812,-848,-887,-941,-1026,-1199,-1474,-1827,-2225,-2637,-3022,-2030,-2030,-2030,-2030,-2030,-2030,-2030,-2030,-2030,-2030,-2030,-2030,-2030,-2030,-2030,-2030
F,2094,8641,7398,6707,6203,5681,5352,4963,4724,4585,4438,4290,4176,4002,4084,4611,5778,7352,9228,9902,11157,11743,11978,12282,13151,14282,15097,15638,15608,14948,13901,12701,11525,10595,9851,9125,8323,7490,6590,5860,5257,4723,4278,3818,3509,3220,2887,2485,1976,1397,973,675,665,857,1142,1414,1535,1571,1481,1349,1256,1159,1031,763,463,221,-19,-187,-288,-319,-350,-441,-532,-693,-738,-821,-853,-892,-946,-1031,-1204,-1477,-1834,-2226,-2630,-3017,-2028,-2028,-2028,-2028,-2028,-2028,-2028,-2028,-2028,-2028,-2028,-2028,-2028,-2028,-2028,-2028
F,2095,8637,7400,6710,6205,5683,5349,4962,4720,4585,4435,4290,4174,4003,4081,4608,5780,7357,9235,9912,11166,11751,11986,12288,13160,14291,15107,15647,15621,14960,13908,12708,11527,10601,9854,9128,8327,7493,6590,5859,5257,4722,4274,3814,3505,3214,2886,2480,1970,1389,965,667,658,850,1139,1407,1528,1567,1475,1345,1252,1153,1025,758,456,212,-28,-195,-297,-328,-361,-452,-541,-665,-751,-830,-862,-898,-951,-1035,-1211,-1484,-1837,-2236,-2634,-3013,-2026,-2026,-2026,-2026,-2026,-2026,-2026,-2026,-2026,-2026,-2026,-2026,-2026,-2026,-2026,-2026
F,2096,8631,7400,6712,6207,5685,5352,4962,4719,4583,4437,4288,4169,3999,4075,4606,5781,7359,9242,9920,11179,11763,11992,12298,13169,14299,15115,15657,15630,14968,13915,12712,11530,10601,9852,9127,8326,7493,6590,5858,5254,4719,4269,3809,3501,3210,2880,2476,1963,1383,958,658,649,843,1132,1405,1527,1561,1472,1340,1248,1147,1018,751,449,205,-35,-203,-307,-336,-371,-463,-552,-674,-721,-843,-872,-905,-956,-1039,-1217,-1491,-1846,-2239,-2641,-3016,-2025,-2025,-2025,-2025,-2025,-2025,-2025,-2025,-2025,-2025,-2025,-2025,-2025,-2025,-2025,-2025
F,2097,8628,7396,6715,6209,5687,5350,4963,4718,4581,4433,4286,4165,3996,4074,4603,5778,7362,9247,9931,11190,11772,11998,12305,13176,14309,15123,15670,15643,14976,13921,12716,11532,10603,9855,9127,8326,7494,6589,5856,5249,4717,4266,3805,3498,3205,2877,2470,1958,1378,950,650,642,836,1127,1401,1521,1556,1468,1337,1244,1142,1014,744,441,198,-43,-212,-316,-345,-381,-472,-561,-682,-730,-815,-882,-916,-966,-1046,-1223,-1497,-1853,-2252,-2648,-3025,-2026,-2026,-2026,-2026,-2026,-2026,-2026,-2026,-2026,-2026,-2026,-2026,-2026,-2026,-2026,-2026
F,2098,8621,7398,6713,6212,5688,5351,4960,4716,4577,4430,4282,4164,3994,4070,4600,5779,7363,9251,9937,11195,11780,12005,12308,13180,14313,15131,15675,15646,14980,13925,12718,11535,10604,9857,9130,8325,7493,6586,5854,5246,4714,4262,3801,3494,3200,2872,2466,1952,1369,942,642,633,829,1120,1396,1518,1551,1465,1330,1239,1133,1008,737,434,188,-53,-219,-322,-354,-391,-481,-571,-691,-740,-825,-856,-926,-974,-1056,-1229,-1502,-1860,-2259,-2660,-3032,-2028,-2028,-2028,-2028,-2028,-2028,-2028,-2028,-2028,-2028,-2028,-2028,-2028,-2028,-2028,-2028
F,2099,8616,7395,6716,6212,5689,5349,4958,4716,4575,4427,4279,4160,3986,4068,4597,5775,7367,9254,9946,11205,11786,12009,12314,13182,14317,15137,15680,15652,14986,13926,12720,11533,10601,9856,9125,8326,7493,6585,5850,5242,4708,4257,3796,3490,3195,2864,2461,1945,1361,931,635,625,823,1114,1390,1514,1548,1458,1325,1234,1130,1003,729,428,182,-59,-227,-330,-364,-399,-490,-581,-700,-750,-831,-864,-900,-987,-1064,-1241,-1511,-1868,-2267,-2668,-3045,-2030,-2030,-2030,-2030,-2030,-2030,-2030,-2030,-2030,-2030,-2030,-2030,-2030,-2030,-2030,-2030
F,2100,8608,7392,6716,6211,5690,5348,4957,4709,4571,4423,4276,4155,3982,4064,4594,5776,7365,9258,9951,11210,11789,12011,12314,13185,14318,15140,15684,15657,14990,13929,12719,11533,10598,9854,9123,8321,7490,6583,5849,5239,4703,4254,3792,3481,3188,2861,2457,1940,1354,925,626,618,815,1108,1385,1508,1543,1450,1320,1227,1125,996,724,421,175,-68,-236,-339,-373,-408,-499,-591,-712,-758,-840,-873,-910,-960,-1077,-1251,-1521,-1877,-2276,-2679,-3055,-2033,-2033,-2033,-2033,-2033,-2033,-2033,-2033,-2033,-2033,-2033,-2033,-2033,-2033,-2033,-2033
